security,type,reopening,tips,frn,auction_date,settle_date,source
13-Week,BILL,N,N,N,2026-08-10,2026-08-13,official_xml
26-Week,BILL,N,N,N,2026-08-10,2026-08-13,official_xml
3-Year,NOTE,N,N,N,2026-08-11,2026-08-17,official_xml
6-Week,BILL,N,N,N,2026-08-11,2026-08-13,official_xml
10-Year,NOTE,N,N,N,2026-08-12,2026-08-17,official_xml
17-Week,BILL,N,N,N,2026-08-12,2026-08-18,official_xml
30-Year,BOND,N,N,N,2026-08-13,2026-08-17,official_xml
4-Week,BILL,N,N,N,2026-08-13,2026-08-18,official_xml
8-Week,BILL,N,N,N,2026-08-13,2026-08-18,official_xml
13-Week,BILL,N,N,N,2026-08-17,2026-08-20,official_xml
26-Week,BILL,N,N,N,2026-08-17,2026-08-20,official_xml
6-Week,BILL,N,N,N,2026-08-18,2026-08-20,official_xml
17-Week,BILL,N,N,N,2026-08-19,2026-08-25,official_xml
20-Year,BOND,N,N,N,2026-08-19,2026-08-31,official_xml
30-Year,BOND,Y,Y,N,2026-08-20,2026-08-31,official_xml
4-Week,BILL,N,N,N,2026-08-20,2026-08-25,official_xml
8-Week,BILL,N,N,N,2026-08-20,2026-08-25,official_xml
13-Week,BILL,N,N,N,2026-08-24,2026-08-27,official_xml
26-Week,BILL,N,N,N,2026-08-24,2026-08-27,official_xml
2-Year,NOTE,N,N,N,2026-08-25,2026-08-31,official_xml
6-Week,BILL,N,N,N,2026-08-25,2026-08-27,official_xml
2-Year,NOTE,Y,N,Y,2026-08-26,2026-08-28,official_xml
5-Year,NOTE,N,N,N,2026-08-26,2026-08-31,official_xml
17-Week,BILL,N,N,N,2026-08-26,2026-09-01,official_xml
7-Year,NOTE,N,N,N,2026-08-27,2026-08-31,official_xml
4-Week,BILL,N,N,N,2026-08-27,2026-09-01,official_xml
8-Week,BILL,N,N,N,2026-08-27,2026-09-01,official_xml
26-Week,BILL,N,N,N,2026-08-31,2026-09-03,official_xml
13-Week,BILL,N,N,N,2026-08-31,2026-09-03,official_xml
52-Week,BILL,N,N,N,2026-09-01,2026-09-03,official_xml
6-Week,BILL,N,N,N,2026-09-01,2026-09-03,official_xml
17-Week,BILL,N,N,N,2026-09-02,2026-09-08,official_xml
4-Week,BILL,N,N,N,2026-09-03,2026-09-08,official_xml
8-Week,BILL,N,N,N,2026-09-03,2026-09-08,official_xml
6-Week,BILL,N,N,N,2026-09-08,2026-09-10,official_xml
13-Week,BILL,N,N,N,2026-09-08,2026-09-10,official_xml
26-Week,BILL,N,N,N,2026-09-08,2026-09-10,official_xml
3-Year,NOTE,N,N,N,2026-09-08,2026-09-15,official_xml
10-Year,NOTE,Y,N,N,2026-09-09,2026-09-15,official_xml
17-Week,BILL,N,N,N,2026-09-09,2026-09-15,official_xml
30-Year,BOND,Y,N,N,2026-09-10,2026-09-15,official_xml
4-Week,BILL,N,N,N,2026-09-10,2026-09-15,official_xml
8-Week,BILL,N,N,N,2026-09-10,2026-09-15,official_xml
26-Week,BILL,N,N,N,2026-09-14,2026-09-17,official_xml
13-Week,BILL,N,N,N,2026-09-14,2026-09-17,official_xml
6-Week,BILL,N,N,N,2026-09-15,2026-09-17,official_xml
20-Year,BOND,Y,N,N,2026-09-15,2026-09-18,official_xml
17-Week,BILL,N,N,N,2026-09-16,2026-09-22,official_xml
10-Year,NOTE,Y,Y,N,2026-09-17,2026-09-30,official_xml
4-Week,BILL,N,N,N,2026-09-17,2026-09-22,official_xml
8-Week,BILL,N,N,N,2026-09-17,2026-09-22,official_xml
13-Week,BILL,N,N,N,2026-09-21,2026-09-24,official_xml
26-Week,BILL,N,N,N,2026-09-21,2026-09-24,official_xml
6-Week,BILL,N,N,N,2026-09-22,2026-09-24,official_xml
2-Year,NOTE,N,N,N,2026-09-22,2026-09-30,official_xml
2-Year,NOTE,Y,N,Y,2026-09-23,2026-09-25,official_xml
5-Year,NOTE,N,N,N,2026-09-23,2026-09-30,official_xml
17-Week,BILL,N,N,N,2026-09-23,2026-09-29,official_xml
4-Week,BILL,N,N,N,2026-09-24,2026-09-29,official_xml
8-Week,BILL,N,N,N,2026-09-24,2026-09-29,official_xml
7-Year,NOTE,N,N,N,2026-09-24,2026-09-30,official_xml
13-Week,BILL,N,N,N,2026-09-28,2026-10-01,official_xml
26-Week,BILL,N,N,N,2026-09-28,2026-10-01,official_xml
6-Week,BILL,N,N,N,2026-09-29,2026-10-01,official_xml
52-Week,BILL,N,N,N,2026-09-29,2026-10-01,official_xml
17-Week,BILL,N,N,N,2026-09-30,2026-10-06,official_xml
4-Week,BILL,N,N,N,2026-10-01,2026-10-06,official_xml
8-Week,BILL,N,N,N,2026-10-01,2026-10-06,official_xml
13-Week,BILL,N,N,N,2026-10-05,2026-10-08,official_xml
26-Week,BILL,N,N,N,2026-10-05,2026-10-08,official_xml
6-Week,BILL,N,N,N,2026-10-06,2026-10-08,official_xml
3-Year,NOTE,N,N,N,2026-10-06,2026-10-15,official_xml
17-Week,BILL,N,N,N,2026-10-07,2026-10-13,official_xml
10-Year,NOTE,Y,N,N,2026-10-07,2026-10-15,official_xml
4-Week,BILL,N,N,N,2026-10-08,2026-10-13,official_xml
8-Week,BILL,N,N,N,2026-10-08,2026-10-13,official_xml
30-Year,BOND,Y,N,N,2026-10-08,2026-10-15,official_xml
6-Week,BILL,N,N,N,2026-10-13,2026-10-15,official_xml
13-Week,BILL,N,N,N,2026-10-13,2026-10-15,official_xml
26-Week,BILL,N,N,N,2026-10-13,2026-10-15,official_xml
17-Week,BILL,N,N,N,2026-10-14,2026-10-20,official_xml
4-Week,BILL,N,N,N,2026-10-15,2026-10-20,official_xml
8-Week,BILL,N,N,N,2026-10-15,2026-10-20,official_xml
26-Week,BILL,N,N,N,2026-10-19,2026-10-22,official_xml
13-Week,BILL,N,N,N,2026-10-19,2026-10-22,official_xml
6-Week,BILL,N,N,N,2026-10-20,2026-10-22,official_xml
17-Week,BILL,N,N,N,2026-10-21,2026-10-27,official_xml
20-Year,BOND,Y,N,N,2026-10-21,2026-10-23,official_xml
8-Week,BILL,N,N,N,2026-10-22,2026-10-27,official_xml
4-Week,BILL,N,N,N,2026-10-22,2026-10-27,official_xml
5-Year,NOTE,N,Y,N,2026-10-22,2026-10-30,official_xml
13-Week,BILL,N,N,N,2026-10-26,2026-10-29,official_xml
26-Week,BILL,N,N,N,2026-10-26,2026-10-29,official_xml
2-Year,NOTE,N,N,N,2026-10-26,2026-11-02,official_xml
6-Week,BILL,N,N,N,2026-10-27,2026-10-29,official_xml
52-Week,BILL,N,N,N,2026-10-27,2026-10-29,official_xml
5-Year,NOTE,N,N,N,2026-10-27,2026-11-02,official_xml
2-Year,NOTE,N,N,Y,2026-10-28,2026-11-02,official_xml
17-Week,BILL,N,N,N,2026-10-28,2026-11-03,official_xml
7-Year,NOTE,N,N,N,2026-10-29,2026-11-02,official_xml
4-Week,BILL,N,N,N,2026-10-29,2026-11-03,official_xml
8-Week,BILL,N,N,N,2026-10-29,2026-11-03,official_xml
13-Week,BILL,N,N,N,2026-11-02,2026-11-05,official_xml
26-Week,BILL,N,N,N,2026-11-02,2026-11-05,official_xml
6-Week,BILL,N,N,N,2026-11-03,2026-11-05,official_xml
17-Week,BILL,N,N,N,2026-11-04,2026-11-10,official_xml
4-Week,BILL,N,N,N,2026-11-05,2026-11-10,official_xml
8-Week,BILL,N,N,N,2026-11-05,2026-11-10,official_xml
3-Year,NOTE,N,N,N,2026-11-09,2026-11-16,official_xml
6-Week,BILL,N,N,N,2026-11-09,2026-11-12,official_xml
13-Week,BILL,N,N,N,2026-11-09,2026-11-12,official_xml
26-Week,BILL,N,N,N,2026-11-09,2026-11-12,official_xml
10-Year,NOTE,N,N,N,2026-11-10,2026-11-16,official_xml
30-Year,BOND,N,N,N,2026-11-12,2026-11-16,official_xml
4-Week,BILL,N,N,N,2026-11-12,2026-11-17,official_xml
8-Week,BILL,N,N,N,2026-11-12,2026-11-17,official_xml
17-Week,BILL,N,N,N,2026-11-12,2026-11-17,official_xml
13-Week,BILL,N,N,N,2026-11-16,2026-11-19,official_xml
26-Week,BILL,N,N,N,2026-11-16,2026-11-19,official_xml
6-Week,BILL,N,N,N,2026-11-17,2026-11-19,official_xml
17-Week,BILL,N,N,N,2026-11-18,2026-11-24,official_xml
20-Year,BOND,N,N,N,2026-11-18,2026-11-30,official_xml
10-Year,NOTE,Y,Y,N,2026-11-19,2026-11-30,official_xml
4-Week,BILL,N,N,N,2026-11-19,2026-11-24,official_xml
8-Week,BILL,N,N,N,2026-11-19,2026-11-24,official_xml
13-Week,BILL,N,N,N,2026-11-23,2026-11-27,official_xml
26-Week,BILL,N,N,N,2026-11-23,2026-11-27,official_xml
2-Year,NOTE,N,N,N,2026-11-23,2026-11-30,official_xml
6-Week,BILL,N,N,N,2026-11-24,2026-11-27,official_xml
52-Week,BILL,N,N,N,2026-11-24,2026-11-27,official_xml
2-Year,NOTE,Y,N,Y,2026-11-24,2026-11-27,official_xml
5-Year,NOTE,N,N,N,2026-11-24,2026-11-30,official_xml
8-Week,BILL,N,N,N,2026-11-25,2026-12-01,official_xml
17-Week,BILL,N,N,N,2026-11-25,2026-12-01,official_xml
4-Week,BILL,N,N,N,2026-11-25,2026-12-01,official_xml
7-Year,NOTE,N,N,N,2026-11-25,2026-11-30,official_xml
13-Week,BILL,N,N,N,2026-11-30,2026-12-03,official_xml
26-Week,BILL,N,N,N,2026-11-30,2026-12-03,official_xml
6-Week,BILL,N,N,N,2026-12-01,2026-12-03,official_xml
17-Week,BILL,N,N,N,2026-12-02,2026-12-08,official_xml
8-Week,BILL,N,N,N,2026-12-03,2026-12-08,official_xml
4-Week,BILL,N,N,N,2026-12-03,2026-12-08,official_xml
3-Year,NOTE,N,N,N,2026-12-07,2026-12-15,official_xml
26-Week,BILL,N,N,N,2026-12-07,2026-12-10,official_xml
13-Week,BILL,N,N,N,2026-12-07,2026-12-10,official_xml
6-Week,BILL,N,N,N,2026-12-08,2026-12-10,official_xml
10-Year,NOTE,Y,N,N,2026-12-08,2026-12-15,official_xml
17-Week,BILL,N,N,N,2026-12-09,2026-12-15,official_xml
4-Week,BILL,N,N,N,2026-12-10,2026-12-15,official_xml
8-Week,BILL,N,N,N,2026-12-10,2026-12-15,official_xml
30-Year,BOND,Y,N,N,2026-12-10,2026-12-15,official_xml
13-Week,BILL,N,N,N,2026-12-14,2026-12-17,official_xml
26-Week,BILL,N,N,N,2026-12-14,2026-12-17,official_xml
6-Week,BILL,N,N,N,2026-12-15,2026-12-17,official_xml
17-Week,BILL,N,N,N,2026-12-16,2026-12-22,official_xml
4-Week,BILL,N,N,N,2026-12-17,2026-12-22,official_xml
8-Week,BILL,N,N,N,2026-12-17,2026-12-22,official_xml
13-Week,BILL,N,N,N,2026-12-21,2026-12-24,official_xml
26-Week,BILL,N,N,N,2026-12-21,2026-12-24,official_xml
5-Year,NOTE,Y,Y,N,2026-12-22,2026-12-31,official_xml
6-Week,BILL,N,N,N,2026-12-22,2026-12-24,official_xml
52-Week,BILL,N,N,N,2026-12-22,2026-12-24,official_xml
2-Year,NOTE,Y,N,Y,2026-12-23,2026-12-28,official_xml
20-Year,BOND,Y,N,N,2026-12-23,2026-12-28,official_xml
17-Week,BILL,N,N,N,2026-12-23,2026-12-29,official_xml
8-Week,BILL,N,N,N,2026-12-24,2026-12-29,official_xml
4-Week,BILL,N,N,N,2026-12-24,2026-12-29,official_xml
13-Week,BILL,N,N,N,2026-12-28,2026-12-31,official_xml
26-Week,BILL,N,N,N,2026-12-28,2026-12-31,official_xml
2-Year,NOTE,N,N,N,2026-12-28,2026-12-31,official_xml
5-Year,NOTE,N,N,N,2026-12-28,2026-12-31,official_xml
6-Week,BILL,N,N,N,2026-12-29,2026-12-31,official_xml
7-Year,NOTE,N,N,N,2026-12-29,2026-12-31,official_xml
17-Week,BILL,N,N,N,2026-12-30,2027-01-05,official_xml
4-Week,BILL,N,N,N,2026-12-31,2027-01-05,official_xml
8-Week,BILL,N,N,N,2026-12-31,2027-01-05,official_xml
13-Week,BILL,N,N,N,2027-01-04,2027-01-07,official_xml
26-Week,BILL,N,N,N,2027-01-04,2027-01-07,official_xml
6-Week,BILL,N,N,N,2027-01-05,2027-01-07,official_xml
17-Week,BILL,N,N,N,2027-01-06,2027-01-12,official_xml
8-Week,BILL,N,N,N,2027-01-07,2027-01-12,official_xml
4-Week,BILL,N,N,N,2027-01-07,2027-01-12,official_xml
13-Week,BILL,N,N,N,2027-01-11,2027-01-14,official_xml
26-Week,BILL,N,N,N,2027-01-11,2027-01-14,official_xml
3-Year,NOTE,N,N,N,2027-01-11,2027-01-15,official_xml
6-Week,BILL,N,N,N,2027-01-12,2027-01-14,official_xml
10-Year,NOTE,Y,N,N,2027-01-12,2027-01-15,official_xml
30-Year,BOND,Y,N,N,2027-01-13,2027-01-15,official_xml
17-Week,BILL,N,N,N,2027-01-13,2027-01-19,official_xml
4-Week,BILL,N,N,N,2027-01-14,2027-01-19,official_xml
8-Week,BILL,N,N,N,2027-01-14,2027-01-19,official_xml
52-Week,BILL,N,N,N,2027-01-19,2027-01-21,official_xml
6-Week,BILL,N,N,N,2027-01-19,2027-01-21,official_xml
13-Week,BILL,N,N,N,2027-01-19,2027-01-21,official_xml
26-Week,BILL,N,N,N,2027-01-19,2027-01-21,official_xml
17-Week,BILL,N,N,N,2027-01-20,2027-01-26,official_xml
20-Year,BOND,Y,N,N,2027-01-20,2027-01-22,official_xml
4-Week,BILL,N,N,N,2027-01-21,2027-01-26,official_xml
8-Week,BILL,N,N,N,2027-01-21,2027-01-26,official_xml
10-Year,NOTE,N,Y,N,2027-01-21,2027-01-29,official_xml
13-Week,BILL,N,N,N,2027-01-25,2027-01-28,official_xml
26-Week,BILL,N,N,N,2027-01-25,2027-01-28,official_xml
2-Year,NOTE,N,N,N,2027-01-25,2027-02-01,official_xml
6-Week,BILL,N,N,N,2027-01-26,2027-01-28,official_xml
5-Year,NOTE,N,N,N,2027-01-26,2027-02-01,official_xml
2-Year,NOTE,N,N,Y,2027-01-27,2027-02-01,official_xml
17-Week,BILL,N,N,N,2027-01-27,2027-02-02,official_xml
4-Week,BILL,N,N,N,2027-01-28,2027-02-02,official_xml
8-Week,BILL,N,N,N,2027-01-28,2027-02-02,official_xml
7-Year,NOTE,N,N,N,2027-01-28,2027-02-01,official_xml
26-Week,BILL,N,N,N,2027-02-01,2027-02-04,official_xml
26-Week,BILL,N,N,N,2027-02-01,2027-02-04,rule
13-Week,BILL,N,N,N,2027-02-01,2027-02-04,rule
13-Week,BILL,N,N,N,2027-02-01,2027-02-04,official_xml
4-Week,BILL,N,N,N,2027-02-02,2027-02-04,rule
6-Week,BILL,N,N,N,2027-02-02,2027-02-04,rule
8-Week,BILL,N,N,N,2027-02-02,2027-02-04,rule
52-Week,BILL,N,N,N,2027-02-02,2027-02-04,rule
6-Week,BILL,N,N,N,2027-02-02,2027-02-04,official_xml
17-Week,BILL,N,N,N,2027-02-03,2027-02-09,rule
13-Week,BILL,N,N,N,2027-02-08,2027-02-11,rule
26-Week,BILL,N,N,N,2027-02-08,2027-02-11,rule
8-Week,BILL,N,N,N,2027-02-09,2027-02-11,rule
4-Week,BILL,N,N,N,2027-02-09,2027-02-11,rule
6-Week,BILL,N,N,N,2027-02-09,2027-02-11,rule
3-Year,NOTE,N,N,N,2027-02-10,2027-02-16,rule
17-Week,BILL,N,N,N,2027-02-10,2027-02-16,rule
10-Year,NOTE,N,N,N,2027-02-11,2027-02-16,rule
30-Year,BOND,N,N,N,2027-02-12,2027-02-16,rule
26-Week,BILL,N,N,N,2027-02-16,2027-02-18,rule
13-Week,BILL,N,N,N,2027-02-16,2027-02-18,rule
4-Week,BILL,N,N,N,2027-02-16,2027-02-18,rule
6-Week,BILL,N,N,N,2027-02-16,2027-02-18,rule
8-Week,BILL,N,N,N,2027-02-16,2027-02-18,rule
17-Week,BILL,N,N,N,2027-02-17,2027-02-23,rule
20-Year,BOND,N,N,N,2027-02-19,2027-03-01,rule
13-Week,BILL,N,N,N,2027-02-22,2027-02-25,rule
26-Week,BILL,N,N,N,2027-02-22,2027-02-25,rule
6-Week,BILL,N,N,N,2027-02-23,2027-02-25,rule
8-Week,BILL,N,N,N,2027-02-23,2027-02-25,rule
4-Week,BILL,N,N,N,2027-02-23,2027-02-25,rule
30-Year,BOND,N,Y,N,2027-02-23,2027-03-01,rule
2-Year,NOTE,N,N,N,2027-02-23,2027-03-01,rule
17-Week,BILL,N,N,N,2027-02-24,2027-03-02,rule
2-Year,NOTE,Y,N,Y,2027-02-24,2027-03-01,rule
5-Year,NOTE,N,N,N,2027-02-24,2027-03-01,rule
7-Year,NOTE,N,N,N,2027-02-25,2027-03-01,rule
13-Week,BILL,N,N,N,2027-03-01,2027-03-04,rule
26-Week,BILL,N,N,N,2027-03-01,2027-03-04,rule
4-Week,BILL,N,N,N,2027-03-02,2027-03-04,rule
6-Week,BILL,N,N,N,2027-03-02,2027-03-04,rule
52-Week,BILL,N,N,N,2027-03-02,2027-03-04,rule
8-Week,BILL,N,N,N,2027-03-02,2027-03-04,rule
17-Week,BILL,N,N,N,2027-03-03,2027-03-09,rule
13-Week,BILL,N,N,N,2027-03-08,2027-03-11,rule
26-Week,BILL,N,N,N,2027-03-08,2027-03-11,rule
8-Week,BILL,N,N,N,2027-03-09,2027-03-11,rule
4-Week,BILL,N,N,N,2027-03-09,2027-03-11,rule
6-Week,BILL,N,N,N,2027-03-09,2027-03-11,rule
3-Year,NOTE,N,N,N,2027-03-10,2027-03-15,rule
17-Week,BILL,N,N,N,2027-03-10,2027-03-16,rule
10-Year,NOTE,Y,N,N,2027-03-11,2027-03-15,rule
30-Year,BOND,Y,N,N,2027-03-12,2027-03-15,rule
13-Week,BILL,N,N,N,2027-03-15,2027-03-18,rule
26-Week,BILL,N,N,N,2027-03-15,2027-03-18,rule
6-Week,BILL,N,N,N,2027-03-16,2027-03-18,rule
4-Week,BILL,N,N,N,2027-03-16,2027-03-18,rule
8-Week,BILL,N,N,N,2027-03-16,2027-03-18,rule
17-Week,BILL,N,N,N,2027-03-17,2027-03-23,rule
13-Week,BILL,N,N,N,2027-03-22,2027-03-25,rule
26-Week,BILL,N,N,N,2027-03-22,2027-03-25,rule
20-Year,BOND,Y,N,N,2027-03-23,2027-03-31,rule
4-Week,BILL,N,N,N,2027-03-23,2027-03-25,rule
6-Week,BILL,N,N,N,2027-03-23,2027-03-25,rule
8-Week,BILL,N,N,N,2027-03-23,2027-03-25,rule
17-Week,BILL,N,N,N,2027-03-24,2027-03-30,rule
2-Year,NOTE,N,N,N,2027-03-24,2027-03-31,rule
10-Year,NOTE,Y,Y,N,2027-03-25,2027-03-31,rule
5-Year,NOTE,N,N,N,2027-03-25,2027-03-31,rule
2-Year,NOTE,Y,N,Y,2027-03-26,2027-03-31,rule
7-Year,NOTE,N,N,N,2027-03-26,2027-03-31,rule
26-Week,BILL,N,N,N,2027-03-29,2027-04-01,rule
13-Week,BILL,N,N,N,2027-03-29,2027-04-01,rule
52-Week,BILL,N,N,N,2027-03-30,2027-04-01,rule
8-Week,BILL,N,N,N,2027-03-30,2027-04-01,rule
6-Week,BILL,N,N,N,2027-03-30,2027-04-01,rule
4-Week,BILL,N,N,N,2027-03-30,2027-04-01,rule
17-Week,BILL,N,N,N,2027-03-31,2027-04-06,rule
26-Week,BILL,N,N,N,2027-04-05,2027-04-08,rule
13-Week,BILL,N,N,N,2027-04-05,2027-04-08,rule
8-Week,BILL,N,N,N,2027-04-06,2027-04-08,rule
6-Week,BILL,N,N,N,2027-04-06,2027-04-08,rule
4-Week,BILL,N,N,N,2027-04-06,2027-04-08,rule
17-Week,BILL,N,N,N,2027-04-07,2027-04-13,rule
10-Year,NOTE,Y,N,N,2027-04-09,2027-04-15,rule
3-Year,NOTE,N,N,N,2027-04-09,2027-04-15,rule
30-Year,BOND,Y,N,N,2027-04-12,2027-04-15,rule
13-Week,BILL,N,N,N,2027-04-12,2027-04-15,rule
26-Week,BILL,N,N,N,2027-04-12,2027-04-15,rule
4-Week,BILL,N,N,N,2027-04-13,2027-04-15,rule
6-Week,BILL,N,N,N,2027-04-13,2027-04-15,rule
8-Week,BILL,N,N,N,2027-04-13,2027-04-15,rule
17-Week,BILL,N,N,N,2027-04-14,2027-04-20,rule
13-Week,BILL,N,N,N,2027-04-19,2027-04-22,rule
26-Week,BILL,N,N,N,2027-04-19,2027-04-22,rule
4-Week,BILL,N,N,N,2027-04-20,2027-04-22,rule
6-Week,BILL,N,N,N,2027-04-20,2027-04-22,rule
8-Week,BILL,N,N,N,2027-04-20,2027-04-22,rule
17-Week,BILL,N,N,N,2027-04-21,2027-04-27,rule
20-Year,BOND,Y,N,N,2027-04-22,2027-04-30,rule
5-Year,NOTE,N,Y,N,2027-04-23,2027-04-30,rule
2-Year,NOTE,N,N,N,2027-04-23,2027-04-30,rule
5-Year,NOTE,N,N,N,2027-04-23,2027-04-30,rule
2-Year,NOTE,N,N,Y,2027-04-23,2027-04-30,rule
7-Year,NOTE,N,N,N,2027-04-26,2027-04-30,rule
26-Week,BILL,N,N,N,2027-04-26,2027-04-29,rule
13-Week,BILL,N,N,N,2027-04-26,2027-04-29,rule
8-Week,BILL,N,N,N,2027-04-27,2027-04-29,rule
52-Week,BILL,N,N,N,2027-04-27,2027-04-29,rule
4-Week,BILL,N,N,N,2027-04-27,2027-04-29,rule
6-Week,BILL,N,N,N,2027-04-27,2027-04-29,rule
17-Week,BILL,N,N,N,2027-04-28,2027-05-04,rule
13-Week,BILL,N,N,N,2027-05-03,2027-05-06,rule
26-Week,BILL,N,N,N,2027-05-03,2027-05-06,rule
4-Week,BILL,N,N,N,2027-05-04,2027-05-06,rule
6-Week,BILL,N,N,N,2027-05-04,2027-05-06,rule
8-Week,BILL,N,N,N,2027-05-04,2027-05-06,rule
17-Week,BILL,N,N,N,2027-05-05,2027-05-11,rule
26-Week,BILL,N,N,N,2027-05-10,2027-05-13,rule
13-Week,BILL,N,N,N,2027-05-10,2027-05-13,rule
4-Week,BILL,N,N,N,2027-05-11,2027-05-13,rule
6-Week,BILL,N,N,N,2027-05-11,2027-05-13,rule
8-Week,BILL,N,N,N,2027-05-11,2027-05-13,rule
17-Week,BILL,N,N,N,2027-05-12,2027-05-18,rule
3-Year,NOTE,N,N,N,2027-05-12,2027-05-17,rule
10-Year,NOTE,N,N,N,2027-05-13,2027-05-17,rule
30-Year,BOND,N,N,N,2027-05-14,2027-05-17,rule
13-Week,BILL,N,N,N,2027-05-17,2027-05-20,rule
26-Week,BILL,N,N,N,2027-05-17,2027-05-20,rule
8-Week,BILL,N,N,N,2027-05-18,2027-05-20,rule
4-Week,BILL,N,N,N,2027-05-18,2027-05-20,rule
6-Week,BILL,N,N,N,2027-05-18,2027-05-20,rule
17-Week,BILL,N,N,N,2027-05-19,2027-05-25,rule
20-Year,BOND,N,N,N,2027-05-24,2027-06-01,rule
13-Week,BILL,N,N,N,2027-05-24,2027-05-27,rule
26-Week,BILL,N,N,N,2027-05-24,2027-05-27,rule
8-Week,BILL,N,N,N,2027-05-25,2027-05-27,rule
6-Week,BILL,N,N,N,2027-05-25,2027-05-27,rule
4-Week,BILL,N,N,N,2027-05-25,2027-05-27,rule
52-Week,BILL,N,N,N,2027-05-25,2027-05-27,rule
2-Year,NOTE,N,N,N,2027-05-26,2027-06-01,rule
17-Week,BILL,N,N,N,2027-05-26,2027-06-01,rule
10-Year,NOTE,Y,Y,N,2027-05-26,2027-06-01,rule
5-Year,NOTE,N,N,N,2027-05-27,2027-06-01,rule
2-Year,NOTE,Y,N,Y,2027-05-27,2027-06-01,rule
7-Year,NOTE,N,N,N,2027-05-28,2027-06-01,rule
8-Week,BILL,N,N,N,2027-06-01,2027-06-03,rule
13-Week,BILL,N,N,N,2027-06-01,2027-06-03,rule
4-Week,BILL,N,N,N,2027-06-01,2027-06-03,rule
26-Week,BILL,N,N,N,2027-06-01,2027-06-03,rule
6-Week,BILL,N,N,N,2027-06-01,2027-06-03,rule
17-Week,BILL,N,N,N,2027-06-02,2027-06-08,rule
13-Week,BILL,N,N,N,2027-06-07,2027-06-10,rule
26-Week,BILL,N,N,N,2027-06-07,2027-06-10,rule
4-Week,BILL,N,N,N,2027-06-08,2027-06-10,rule
6-Week,BILL,N,N,N,2027-06-08,2027-06-10,rule
8-Week,BILL,N,N,N,2027-06-08,2027-06-10,rule
3-Year,NOTE,N,N,N,2027-06-09,2027-06-15,rule
17-Week,BILL,N,N,N,2027-06-09,2027-06-15,rule
10-Year,NOTE,Y,N,N,2027-06-10,2027-06-15,rule
30-Year,BOND,Y,N,N,2027-06-11,2027-06-15,rule
13-Week,BILL,N,N,N,2027-06-14,2027-06-17,rule
26-Week,BILL,N,N,N,2027-06-14,2027-06-17,rule
8-Week,BILL,N,N,N,2027-06-15,2027-06-17,rule
6-Week,BILL,N,N,N,2027-06-15,2027-06-17,rule
4-Week,BILL,N,N,N,2027-06-15,2027-06-17,rule
17-Week,BILL,N,N,N,2027-06-16,2027-06-22,rule
13-Week,BILL,N,N,N,2027-06-21,2027-06-24,rule
26-Week,BILL,N,N,N,2027-06-21,2027-06-24,rule
8-Week,BILL,N,N,N,2027-06-22,2027-06-24,rule
4-Week,BILL,N,N,N,2027-06-22,2027-06-24,rule
52-Week,BILL,N,N,N,2027-06-22,2027-06-24,rule
20-Year,BOND,Y,N,N,2027-06-22,2027-06-30,rule
6-Week,BILL,N,N,N,2027-06-22,2027-06-24,rule
2-Year,NOTE,N,N,N,2027-06-23,2027-06-30,rule
17-Week,BILL,N,N,N,2027-06-23,2027-06-29,rule
5-Year,NOTE,Y,Y,N,2027-06-24,2027-06-30,rule
5-Year,NOTE,N,N,N,2027-06-24,2027-06-30,rule
2-Year,NOTE,Y,N,Y,2027-06-25,2027-06-30,rule
7-Year,NOTE,N,N,N,2027-06-25,2027-06-30,rule
13-Week,BILL,N,N,N,2027-06-28,2027-07-01,rule
26-Week,BILL,N,N,N,2027-06-28,2027-07-01,rule
4-Week,BILL,N,N,N,2027-06-29,2027-07-01,rule
6-Week,BILL,N,N,N,2027-06-29,2027-07-01,rule
8-Week,BILL,N,N,N,2027-06-29,2027-07-01,rule
17-Week,BILL,N,N,N,2027-06-30,2027-07-06,rule
4-Week,BILL,N,N,N,2027-07-06,2027-07-08,rule
8-Week,BILL,N,N,N,2027-07-06,2027-07-08,rule
6-Week,BILL,N,N,N,2027-07-06,2027-07-08,rule
13-Week,BILL,N,N,N,2027-07-06,2027-07-08,rule
26-Week,BILL,N,N,N,2027-07-06,2027-07-08,rule
17-Week,BILL,N,N,N,2027-07-07,2027-07-13,rule
10-Year,NOTE,Y,N,N,2027-07-09,2027-07-15,rule
3-Year,NOTE,N,N,N,2027-07-09,2027-07-15,rule
30-Year,BOND,Y,N,N,2027-07-12,2027-07-15,rule
13-Week,BILL,N,N,N,2027-07-12,2027-07-15,rule
26-Week,BILL,N,N,N,2027-07-12,2027-07-15,rule
4-Week,BILL,N,N,N,2027-07-13,2027-07-15,rule
6-Week,BILL,N,N,N,2027-07-13,2027-07-15,rule
8-Week,BILL,N,N,N,2027-07-13,2027-07-15,rule
17-Week,BILL,N,N,N,2027-07-14,2027-07-20,rule
13-Week,BILL,N,N,N,2027-07-19,2027-07-22,rule
26-Week,BILL,N,N,N,2027-07-19,2027-07-22,rule
4-Week,BILL,N,N,N,2027-07-20,2027-07-22,rule
52-Week,BILL,N,N,N,2027-07-20,2027-07-22,rule
8-Week,BILL,N,N,N,2027-07-20,2027-07-22,rule
6-Week,BILL,N,N,N,2027-07-20,2027-07-22,rule
17-Week,BILL,N,N,N,2027-07-21,2027-07-27,rule
20-Year,BOND,Y,N,N,2027-07-23,2027-08-02,rule
26-Week,BILL,N,N,N,2027-07-26,2027-07-29,rule
13-Week,BILL,N,N,N,2027-07-26,2027-07-29,rule
4-Week,BILL,N,N,N,2027-07-27,2027-07-29,rule
6-Week,BILL,N,N,N,2027-07-27,2027-07-29,rule
8-Week,BILL,N,N,N,2027-07-27,2027-07-29,rule
2-Year,NOTE,N,N,N,2027-07-27,2027-08-02,rule
10-Year,NOTE,N,Y,N,2027-07-27,2027-08-02,rule
5-Year,NOTE,N,N,N,2027-07-28,2027-08-02,rule
17-Week,BILL,N,N,N,2027-07-28,2027-08-03,rule
2-Year,NOTE,N,N,Y,2027-07-28,2027-08-02,rule
7-Year,NOTE,N,N,N,2027-07-29,2027-08-02,rule
26-Week,BILL,N,N,N,2027-08-02,2027-08-05,rule
13-Week,BILL,N,N,N,2027-08-02,2027-08-05,rule
6-Week,BILL,N,N,N,2027-08-03,2027-08-05,rule
4-Week,BILL,N,N,N,2027-08-03,2027-08-05,rule
8-Week,BILL,N,N,N,2027-08-03,2027-08-05,rule
17-Week,BILL,N,N,N,2027-08-04,2027-08-10,rule
13-Week,BILL,N,N,N,2027-08-09,2027-08-12,rule
26-Week,BILL,N,N,N,2027-08-09,2027-08-12,rule
4-Week,BILL,N,N,N,2027-08-10,2027-08-12,rule
6-Week,BILL,N,N,N,2027-08-10,2027-08-12,rule
8-Week,BILL,N,N,N,2027-08-10,2027-08-12,rule
17-Week,BILL,N,N,N,2027-08-11,2027-08-17,rule
3-Year,NOTE,N,N,N,2027-08-11,2027-08-16,rule
10-Year,NOTE,N,N,N,2027-08-12,2027-08-16,rule
30-Year,BOND,N,N,N,2027-08-13,2027-08-16,rule
26-Week,BILL,N,N,N,2027-08-16,2027-08-19,rule
13-Week,BILL,N,N,N,2027-08-16,2027-08-19,rule
4-Week,BILL,N,N,N,2027-08-17,2027-08-19,rule
6-Week,BILL,N,N,N,2027-08-17,2027-08-19,rule
8-Week,BILL,N,N,N,2027-08-17,2027-08-19,rule
52-Week,BILL,N,N,N,2027-08-17,2027-08-19,rule
17-Week,BILL,N,N,N,2027-08-18,2027-08-24,rule
26-Week,BILL,N,N,N,2027-08-23,2027-08-26,rule
13-Week,BILL,N,N,N,2027-08-23,2027-08-26,rule
20-Year,BOND,N,N,N,2027-08-23,2027-08-31,rule
6-Week,BILL,N,N,N,2027-08-24,2027-08-26,rule
8-Week,BILL,N,N,N,2027-08-24,2027-08-26,rule
4-Week,BILL,N,N,N,2027-08-24,2027-08-26,rule
17-Week,BILL,N,N,N,2027-08-25,2027-08-31,rule
30-Year,BOND,Y,Y,N,2027-08-25,2027-08-31,rule
2-Year,NOTE,N,N,N,2027-08-25,2027-08-31,rule
2-Year,NOTE,Y,N,Y,2027-08-26,2027-08-31,rule
5-Year,NOTE,N,N,N,2027-08-26,2027-08-31,rule
7-Year,NOTE,N,N,N,2027-08-27,2027-08-31,rule
13-Week,BILL,N,N,N,2027-08-30,2027-09-02,rule
26-Week,BILL,N,N,N,2027-08-30,2027-09-02,rule
4-Week,BILL,N,N,N,2027-08-31,2027-09-02,rule
6-Week,BILL,N,N,N,2027-08-31,2027-09-02,rule
8-Week,BILL,N,N,N,2027-08-31,2027-09-02,rule
17-Week,BILL,N,N,N,2027-09-01,2027-09-07,rule
13-Week,BILL,N,N,N,2027-09-07,2027-09-09,rule
26-Week,BILL,N,N,N,2027-09-07,2027-09-09,rule
4-Week,BILL,N,N,N,2027-09-07,2027-09-09,rule
6-Week,BILL,N,N,N,2027-09-07,2027-09-09,rule
8-Week,BILL,N,N,N,2027-09-07,2027-09-09,rule
17-Week,BILL,N,N,N,2027-09-08,2027-09-14,rule
3-Year,NOTE,N,N,N,2027-09-08,2027-09-15,rule
10-Year,NOTE,Y,N,N,2027-09-09,2027-09-15,rule
30-Year,BOND,Y,N,N,2027-09-10,2027-09-15,rule
13-Week,BILL,N,N,N,2027-09-13,2027-09-16,rule
26-Week,BILL,N,N,N,2027-09-13,2027-09-16,rule
52-Week,BILL,N,N,N,2027-09-14,2027-09-16,rule
8-Week,BILL,N,N,N,2027-09-14,2027-09-16,rule
4-Week,BILL,N,N,N,2027-09-14,2027-09-16,rule
6-Week,BILL,N,N,N,2027-09-14,2027-09-16,rule
17-Week,BILL,N,N,N,2027-09-15,2027-09-21,rule
13-Week,BILL,N,N,N,2027-09-20,2027-09-23,rule
26-Week,BILL,N,N,N,2027-09-20,2027-09-23,rule
6-Week,BILL,N,N,N,2027-09-21,2027-09-23,rule
4-Week,BILL,N,N,N,2027-09-21,2027-09-23,rule
8-Week,BILL,N,N,N,2027-09-21,2027-09-23,rule
17-Week,BILL,N,N,N,2027-09-22,2027-09-28,rule
2-Year,NOTE,N,N,N,2027-09-22,2027-09-30,rule
20-Year,BOND,Y,N,N,2027-09-22,2027-09-30,rule
5-Year,NOTE,N,N,N,2027-09-23,2027-09-30,rule
7-Year,NOTE,N,N,N,2027-09-24,2027-09-30,rule
2-Year,NOTE,Y,N,Y,2027-09-24,2027-09-30,rule
10-Year,NOTE,Y,Y,N,2027-09-24,2027-09-30,rule
13-Week,BILL,N,N,N,2027-09-27,2027-09-30,rule
26-Week,BILL,N,N,N,2027-09-27,2027-09-30,rule
4-Week,BILL,N,N,N,2027-09-28,2027-09-30,rule
6-Week,BILL,N,N,N,2027-09-28,2027-09-30,rule
8-Week,BILL,N,N,N,2027-09-28,2027-09-30,rule
17-Week,BILL,N,N,N,2027-09-29,2027-10-05,rule
13-Week,BILL,N,N,N,2027-10-04,2027-10-07,rule
26-Week,BILL,N,N,N,2027-10-04,2027-10-07,rule
6-Week,BILL,N,N,N,2027-10-05,2027-10-07,rule
4-Week,BILL,N,N,N,2027-10-05,2027-10-07,rule
8-Week,BILL,N,N,N,2027-10-05,2027-10-07,rule
17-Week,BILL,N,N,N,2027-10-06,2027-10-12,rule
3-Year,NOTE,N,N,N,2027-10-08,2027-10-15,rule
10-Year,NOTE,Y,N,N,2027-10-08,2027-10-15,rule
30-Year,BOND,Y,N,N,2027-10-12,2027-10-15,rule
13-Week,BILL,N,N,N,2027-10-12,2027-10-14,rule
26-Week,BILL,N,N,N,2027-10-12,2027-10-14,rule
4-Week,BILL,N,N,N,2027-10-12,2027-10-14,rule
6-Week,BILL,N,N,N,2027-10-12,2027-10-14,rule
8-Week,BILL,N,N,N,2027-10-12,2027-10-14,rule
52-Week,BILL,N,N,N,2027-10-12,2027-10-14,rule
17-Week,BILL,N,N,N,2027-10-13,2027-10-19,rule
13-Week,BILL,N,N,N,2027-10-18,2027-10-21,rule
26-Week,BILL,N,N,N,2027-10-18,2027-10-21,rule
4-Week,BILL,N,N,N,2027-10-19,2027-10-21,rule
6-Week,BILL,N,N,N,2027-10-19,2027-10-21,rule
8-Week,BILL,N,N,N,2027-10-19,2027-10-21,rule
17-Week,BILL,N,N,N,2027-10-20,2027-10-26,rule
20-Year,BOND,Y,N,N,2027-10-22,2027-11-01,rule
13-Week,BILL,N,N,N,2027-10-25,2027-10-28,rule
26-Week,BILL,N,N,N,2027-10-25,2027-10-28,rule
4-Week,BILL,N,N,N,2027-10-26,2027-10-28,rule
6-Week,BILL,N,N,N,2027-10-26,2027-10-28,rule
5-Year,NOTE,N,Y,N,2027-10-26,2027-11-01,rule
8-Week,BILL,N,N,N,2027-10-26,2027-10-28,rule
2-Year,NOTE,N,N,N,2027-10-26,2027-11-01,rule
17-Week,BILL,N,N,N,2027-10-27,2027-11-02,rule
2-Year,NOTE,N,N,Y,2027-10-27,2027-11-01,rule
5-Year,NOTE,N,N,N,2027-10-27,2027-11-01,rule
7-Year,NOTE,N,N,N,2027-10-28,2027-11-01,rule
13-Week,BILL,N,N,N,2027-11-01,2027-11-04,rule
26-Week,BILL,N,N,N,2027-11-01,2027-11-04,rule
8-Week,BILL,N,N,N,2027-11-02,2027-11-04,rule
6-Week,BILL,N,N,N,2027-11-02,2027-11-04,rule
4-Week,BILL,N,N,N,2027-11-02,2027-11-04,rule
17-Week,BILL,N,N,N,2027-11-03,2027-11-09,rule
26-Week,BILL,N,N,N,2027-11-08,2027-11-12,rule
13-Week,BILL,N,N,N,2027-11-08,2027-11-12,rule
6-Week,BILL,N,N,N,2027-11-09,2027-11-12,rule
4-Week,BILL,N,N,N,2027-11-09,2027-11-12,rule
52-Week,BILL,N,N,N,2027-11-09,2027-11-12,rule
8-Week,BILL,N,N,N,2027-11-09,2027-11-12,rule
10-Year,NOTE,N,N,N,2027-11-10,2027-11-15,rule
3-Year,NOTE,N,N,N,2027-11-10,2027-11-15,rule
17-Week,BILL,N,N,N,2027-11-10,2027-11-16,rule
30-Year,BOND,N,N,N,2027-11-12,2027-11-15,rule
26-Week,BILL,N,N,N,2027-11-15,2027-11-18,rule
13-Week,BILL,N,N,N,2027-11-15,2027-11-18,rule
8-Week,BILL,N,N,N,2027-11-16,2027-11-18,rule
6-Week,BILL,N,N,N,2027-11-16,2027-11-18,rule
4-Week,BILL,N,N,N,2027-11-16,2027-11-18,rule
17-Week,BILL,N,N,N,2027-11-17,2027-11-23,rule
26-Week,BILL,N,N,N,2027-11-22,2027-11-26,rule
13-Week,BILL,N,N,N,2027-11-22,2027-11-26,rule
20-Year,BOND,N,N,N,2027-11-22,2027-11-30,rule
4-Week,BILL,N,N,N,2027-11-23,2027-11-26,rule
6-Week,BILL,N,N,N,2027-11-23,2027-11-26,rule
8-Week,BILL,N,N,N,2027-11-23,2027-11-26,rule
2-Year,NOTE,Y,N,Y,2027-11-24,2027-11-30,rule
17-Week,BILL,N,N,N,2027-11-24,2027-11-30,rule
2-Year,NOTE,N,N,N,2027-11-24,2027-11-30,rule
5-Year,NOTE,N,N,N,2027-11-24,2027-11-30,rule
10-Year,NOTE,Y,Y,N,2027-11-24,2027-11-30,rule
7-Year,NOTE,N,N,N,2027-11-26,2027-11-30,rule
26-Week,BILL,N,N,N,2027-11-29,2027-12-02,rule
13-Week,BILL,N,N,N,2027-11-29,2027-12-02,rule
8-Week,BILL,N,N,N,2027-11-30,2027-12-02,rule
4-Week,BILL,N,N,N,2027-11-30,2027-12-02,rule
6-Week,BILL,N,N,N,2027-11-30,2027-12-02,rule
17-Week,BILL,N,N,N,2027-12-01,2027-12-07,rule
13-Week,BILL,N,N,N,2027-12-06,2027-12-09,rule
26-Week,BILL,N,N,N,2027-12-06,2027-12-09,rule
52-Week,BILL,N,N,N,2027-12-07,2027-12-09,rule
8-Week,BILL,N,N,N,2027-12-07,2027-12-09,rule
6-Week,BILL,N,N,N,2027-12-07,2027-12-09,rule
4-Week,BILL,N,N,N,2027-12-07,2027-12-09,rule
3-Year,NOTE,N,N,N,2027-12-08,2027-12-15,rule
17-Week,BILL,N,N,N,2027-12-08,2027-12-14,rule
10-Year,NOTE,Y,N,N,2027-12-09,2027-12-15,rule
30-Year,BOND,Y,N,N,2027-12-10,2027-12-15,rule
13-Week,BILL,N,N,N,2027-12-13,2027-12-16,rule
26-Week,BILL,N,N,N,2027-12-13,2027-12-16,rule
4-Week,BILL,N,N,N,2027-12-14,2027-12-16,rule
6-Week,BILL,N,N,N,2027-12-14,2027-12-16,rule
8-Week,BILL,N,N,N,2027-12-14,2027-12-16,rule
17-Week,BILL,N,N,N,2027-12-15,2027-12-21,rule
26-Week,BILL,N,N,N,2027-12-20,2027-12-23,rule
13-Week,BILL,N,N,N,2027-12-20,2027-12-23,rule
8-Week,BILL,N,N,N,2027-12-21,2027-12-23,rule
6-Week,BILL,N,N,N,2027-12-21,2027-12-23,rule
4-Week,BILL,N,N,N,2027-12-21,2027-12-23,rule
17-Week,BILL,N,N,N,2027-12-22,2027-12-28,rule
20-Year,BOND,Y,N,N,2027-12-23,2027-12-31,rule
5-Year,NOTE,Y,Y,N,2027-12-24,2027-12-31,rule
2-Year,NOTE,N,N,N,2027-12-24,2027-12-31,rule
5-Year,NOTE,N,N,N,2027-12-24,2027-12-31,rule
2-Year,NOTE,Y,N,Y,2027-12-24,2027-12-31,rule
7-Year,NOTE,N,N,N,2027-12-27,2027-12-31,rule
13-Week,BILL,N,N,N,2027-12-27,2027-12-30,rule
26-Week,BILL,N,N,N,2027-12-27,2027-12-30,rule
8-Week,BILL,N,N,N,2027-12-28,2027-12-30,rule
4-Week,BILL,N,N,N,2027-12-28,2027-12-30,rule
6-Week,BILL,N,N,N,2027-12-28,2027-12-30,rule
17-Week,BILL,N,N,N,2027-12-29,2028-01-04,rule
,,N,,,,,official_xml
,,N,,,,,official_xml
,,N,,,,,official_xml
,,N,,,,,official_xml
,,N,,,,,official_xml
,,N,,,,,official_xml
,,N,,,,,official_xml
