date,receipts,outlays,deficit,cum_deficit
2026-07-01,28839.0,118275.0,89436.0,89436.0
2026-07-02,12639.0,25430.0,12791.0,102227.0
2026-07-03,11632.0,25469.0,13837.0,116064.0
2026-07-06,26440.0,14030.0,-12410.0,103654.0
2026-07-07,10467.0,14861.0,4394.0,108048.0
2026-07-08,11921.0,55307.0,43386.0,151434.0
2026-07-09,8091.0,16240.0,8149.0,159583.0
2026-07-10,13534.0,15288.0,1754.0,161337.0
2026-07-13,26440.0,14030.0,-12410.0,148927.0
2026-07-14,10467.0,14861.0,4394.0,153321.0
2026-07-15,36332.0,87360.0,51028.0,204349.0
2026-07-16,23382.0,22248.0,-1134.0,203215.0
2026-07-17,13534.0,15288.0,1754.0,204969.0
2026-07-20,26440.0,14030.0,-12410.0,192559.0
2026-07-21,10467.0,14861.0,4394.0,196953.0
2026-07-22,13722.0,53291.0,39569.0,236522.0
2026-07-23,8091.0,16240.0,8149.0,244671.0
2026-07-24,13534.0,15288.0,1754.0,246425.0
2026-07-27,26440.0,14030.0,-12410.0,234015.0
2026-07-28,10467.0,14861.0,4394.0,238409.0
2026-07-29,12324.0,13270.0,945.0,239354.0
2026-07-30,11115.0,16459.0,5345.0,244699.0
2026-07-31,14696.0,105203.0,90507.0,335206.0
2026-08-03,43209.0,73081.0,29872.0,365078.0
2026-08-04,14212.0,25632.0,11421.0,376499.0
2026-08-05,13147.0,25660.0,12513.0,389012.0
2026-08-06,9256.0,19709.0,10453.0,399465.0
2026-08-07,15058.0,18620.0,3562.0,403027.0
2026-08-10,30087.0,17493.0,-12594.0,390433.0
2026-08-11,12089.0,18095.0,6006.0,396439.0
2026-08-12,13102.0,48731.0,35630.0,432069.0
2026-08-13,9256.0,19709.0,10453.0,442522.0
2026-08-14,15058.0,18620.0,3562.0,446084.0
2026-08-17,35078.0,71798.0,36720.0,482804.0
2026-08-18,25995.0,23299.0,-2696.0,480108.0
2026-08-19,16322.0,49128.0,32806.0,512914.0
2026-08-20,9256.0,19709.0,10453.0,523367.0
2026-08-21,15058.0,18620.0,3562.0,526929.0
2026-08-24,30087.0,17493.0,-12594.0,514335.0
2026-08-25,12089.0,18095.0,6006.0,520341.0
2026-08-26,15959.0,47639.0,31680.0,552021.0
2026-08-27,9256.0,19709.0,10453.0,562474.0
2026-08-28,12443.0,19262.0,6819.0,569293.0
2026-08-31,16479.0,50266.0,33787.0,603080.0
2026-09-01,46291.0,71612.0,25321.0,628401.0
2026-09-02,19744.0,24745.0,5001.0,633402.0
2026-09-03,17969.0,24476.0,6507.0,639909.0
2026-09-04,23294.0,14231.0,-9062.0,630847.0
2026-09-08,16146.0,14095.0,-2052.0,628795.0
2026-09-09,22274.0,55509.0,33236.0,662031.0
2026-09-10,13876.0,15171.0,1295.0,663326.0
2026-09-11,23294.0,14231.0,-9062.0,654264.0
2026-09-14,41239.0,13046.0,-28192.0,626072.0
2026-09-15,89523.0,17222.0,-72302.0,553770.0
2026-09-16,37981.0,21389.0,-16591.0,537179.0
2026-09-17,13876.0,15171.0,1295.0,538474.0
2026-09-18,23294.0,14231.0,-9062.0,529412.0
2026-09-21,41239.0,13046.0,-28192.0,501220.0
2026-09-22,16146.0,14095.0,-2052.0,499168.0
2026-09-23,20689.0,53093.0,32404.0,531572.0
2026-09-24,13876.0,15171.0,1295.0,532867.0
2026-09-25,23294.0,14231.0,-9062.0,523805.0
2026-09-28,41239.0,13046.0,-28192.0,495613.0
2026-09-29,17834.0,15187.0,-2647.0,492966.0
2026-09-30,22407.0,5471.0,-16936.0,476030.0
2026-10-01,37500.0,96304.0,58804.0,534834.0
2026-10-02,16423.0,22776.0,6354.0,541188.0
2026-10-05,15127.0,22333.0,7207.0,548395.0
2026-10-06,13169.0,14930.0,1761.0,550156.0
2026-10-07,15923.0,12394.0,-3529.0,546627.0
2026-10-08,10310.0,16000.0,5691.0,552318.0
2026-10-09,17175.0,14965.0,-2209.0,550109.0
2026-10-13,13169.0,14930.0,1761.0,551870.0
2026-10-14,15174.0,45851.0,30677.0,582547.0
2026-10-15,45824.0,82370.0,36547.0,619094.0
2026-10-16,30378.0,20264.0,-10115.0,608979.0
2026-10-19,34033.0,13879.0,-20154.0,588825.0
2026-10-20,13169.0,14930.0,1761.0,590586.0
2026-10-21,18781.0,45995.0,27213.0,617799.0
2026-10-22,10310.0,16000.0,5691.0,623490.0
2026-10-23,17175.0,14965.0,-2209.0,621281.0
2026-10-26,34033.0,13879.0,-20154.0,601127.0
2026-10-27,13169.0,14930.0,1761.0,602888.0
2026-10-28,17246.0,44439.0,27192.0,630080.0
2026-10-29,14180.0,15476.0,1296.0,631376.0
2026-10-30,18821.0,89841.0,71020.0,702396.0
2026-11-02,44602.0,72641.0,28039.0,730435.0
2026-11-03,14684.0,28083.0,13398.0,743833.0
2026-11-04,13563.0,27950.0,14387.0,758220.0
2026-11-05,9451.0,19465.0,10014.0,768234.0
2026-11-06,15722.0,19321.0,3600.0,771834.0
2026-11-09,31137.0,17294.0,-13843.0,757991.0
2026-11-10,12733.0,17666.0,4933.0,762924.0
2026-11-12,9451.0,19465.0,10014.0,772938.0
2026-11-13,15722.0,19321.0,3600.0,776538.0
2026-11-16,36802.0,72704.0,35902.0,812440.0
2026-11-17,26850.0,24837.0,-2013.0,810427.0
2026-11-18,13419.0,56819.0,43400.0,853827.0
2026-11-19,9451.0,19465.0,10014.0,863841.0
2026-11-20,15722.0,19321.0,3600.0,867441.0
2026-11-23,31137.0,17294.0,-13843.0,853598.0
2026-11-24,12733.0,17666.0,4933.0,858531.0
2026-11-25,16859.0,56641.0,39782.0,898313.0
2026-11-27,12958.0,19147.0,6188.0,904501.0
2026-11-30,17055.0,47844.0,30789.0,935290.0
2026-12-01,40218.0,99643.0,59424.0,994714.0
2026-12-02,17065.0,25615.0,8550.0,1003264.0
2026-12-03,15502.0,25450.0,9948.0,1013212.0
2026-12-04,20229.0,14964.0,-5265.0,1007947.0
2026-12-07,35462.0,14064.0,-21397.0,986550.0
2026-12-08,13695.0,14783.0,1089.0,987639.0
2026-12-09,19539.0,56808.0,37269.0,1024908.0
2026-12-10,12053.0,15911.0,3857.0,1028765.0
2026-12-11,20229.0,14964.0,-5265.0,1023500.0
2026-12-14,35462.0,14064.0,-21397.0,1002103.0
2026-12-15,82955.0,82521.0,-434.0,1001669.0
2026-12-16,33106.0,22398.0,-10708.0,990961.0
2026-12-17,12053.0,15911.0,3857.0,994818.0
2026-12-18,20229.0,14964.0,-5265.0,989553.0
2026-12-21,35462.0,14064.0,-21397.0,968156.0
2026-12-22,13695.0,14783.0,1089.0,969245.0
2026-12-23,17473.0,54352.0,36880.0,1006125.0
2026-12-24,12053.0,15911.0,3857.0,1009982.0
2026-12-28,35462.0,14064.0,-21397.0,988585.0
2026-12-29,13695.0,14783.0,1089.0,989674.0
2026-12-30,15033.0,16019.0,987.0,990661.0
2026-12-31,21221.0,89704.0,68482.0,1059143.0
2027-01-04,75334.0,72720.0,-2614.0,1056529.0
2027-01-05,24392.0,26228.0,1835.0,1058364.0
2027-01-06,22423.0,26305.0,3882.0,1062246.0
2027-01-07,14558.0,19745.0,5187.0,1067433.0
2027-01-08,24478.0,18811.0,-5667.0,1061766.0
2027-01-11,49578.0,17117.0,-32462.0,1029304.0
2027-01-12,18233.0,17934.0,-300.0,1029004.0
2027-01-13,21756.0,50004.0,28248.0,1057252.0
2027-01-14,14558.0,19745.0,5187.0,1062439.0
2027-01-15,67568.0,65520.0,-2049.0,1060390.0
2027-01-19,45289.0,23502.0,-21788.0,1038602.0
2027-01-20,27790.0,50409.0,22618.0,1061220.0
2027-01-21,14558.0,19745.0,5187.0,1066407.0
2027-01-22,24478.0,18811.0,-5667.0,1060740.0
2027-01-25,49578.0,17117.0,-32462.0,1028278.0
2027-01-26,18233.0,17934.0,-300.0,1027978.0
2027-01-27,23802.0,49052.0,25250.0,1053228.0
2027-01-28,20348.0,19420.0,-928.0,1052300.0
2027-01-29,26985.0,44979.0,17994.0,1070294.0
2027-02-01,31367.0,142591.0,111224.0,1181518.0
2027-02-02,13797.0,29982.0,16186.0,1197704.0
2027-02-03,12738.0,30008.0,17270.0,1214974.0
2027-02-04,8634.0,20114.0,11481.0,1226455.0
2027-02-05,14279.0,18952.0,4673.0,1231128.0
2027-02-08,28758.0,18718.0,-10039.0,1221089.0
2027-02-09,11242.0,18689.0,7447.0,1228536.0
2027-02-10,12418.0,62800.0,50383.0,1278919.0
2027-02-11,8634.0,20114.0,11481.0,1290400.0
2027-02-12,14279.0,18952.0,4673.0,1295073.0
2027-02-16,34475.0,73250.0,38774.0,1333847.0
2027-02-17,25322.0,26578.0,1256.0,1335103.0
2027-02-18,8634.0,20114.0,11481.0,1346584.0
2027-02-19,14279.0,18952.0,4673.0,1351257.0
2027-02-22,28758.0,18718.0,-10039.0,1341218.0
2027-02-23,11242.0,18689.0,7447.0,1348665.0
2027-02-24,14798.0,60135.0,45337.0,1394002.0
2027-02-25,11902.0,20145.0,8244.0,1402246.0
2027-02-26,15764.0,49348.0,33584.0,1435830.0
2027-03-01,31212.0,116658.0,85447.0,1521277.0
2027-03-02,13623.0,23961.0,10338.0,1531615.0
2027-03-03,12522.0,23812.0,11290.0,1542905.0
2027-03-04,8631.0,16610.0,7979.0,1550884.0
2027-03-05,14427.0,15417.0,990.0,1551874.0
2027-03-08,28244.0,14953.0,-13291.0,1538583.0
2027-03-09,10907.0,15472.0,4566.0,1543149.0
2027-03-10,12895.0,49215.0,36320.0,1579469.0
2027-03-11,8631.0,16610.0,7979.0,1587448.0
2027-03-12,14427.0,15417.0,990.0,1588438.0
2027-03-15,40452.0,81606.0,41154.0,1629592.0
2027-03-16,25311.0,21361.0,-3950.0,1625642.0
2027-03-17,15575.0,48973.0,33397.0,1659039.0
2027-03-18,8631.0,16610.0,7979.0,1667018.0
2027-03-19,14427.0,15417.0,990.0,1668008.0
2027-03-22,28244.0,14953.0,-13291.0,1654717.0
2027-03-23,10907.0,15472.0,4566.0,1659283.0
2027-03-24,14247.0,47421.0,33174.0,1692457.0
2027-03-25,8631.0,16610.0,7979.0,1700436.0
2027-03-26,14427.0,15417.0,990.0,1701426.0
2027-03-29,28244.0,14953.0,-13291.0,1688135.0
2027-03-30,11873.0,16363.0,4490.0,1692625.0
2027-03-31,15513.0,57302.0,41789.0,1734414.0
2027-04-01,74319.0,123012.0,48693.0,1783107.0
2027-04-02,31836.0,23694.0,-8142.0,1774965.0
2027-04-05,29071.0,23715.0,-5356.0,1769609.0
2027-04-06,22343.0,15201.0,-7142.0,1762467.0
2027-04-07,30593.0,12925.0,-17668.0,1744799.0
2027-04-08,19562.0,16591.0,-2971.0,1741828.0
2027-04-09,33044.0,15563.0,-17481.0,1724347.0
2027-04-12,63635.0,14566.0,-49069.0,1675278.0
2027-04-13,22343.0,15201.0,-7142.0,1668136.0
2027-04-14,31238.0,48278.0,17040.0,1685176.0
2027-04-15,118567.0,89957.0,-28610.0,1656566.0
2027-04-16,60629.0,21038.0,-39591.0,1616975.0
2027-04-19,63635.0,14566.0,-49069.0,1567906.0
2027-04-20,22343.0,15201.0,-7142.0,1560764.0
2027-04-21,36201.0,48214.0,12014.0,1572778.0
2027-04-22,19562.0,16591.0,-2971.0,1569807.0
2027-04-23,33044.0,15563.0,-17481.0,1552326.0
2027-04-26,63635.0,14566.0,-49069.0,1503257.0
2027-04-27,22343.0,15201.0,-7142.0,1496115.0
2027-04-28,28597.0,46775.0,18179.0,1514294.0
2027-04-29,26464.0,16415.0,-10049.0,1504245.0
2027-04-30,36737.0,110145.0,73407.0,1577652.0
2027-05-03,48720.0,69215.0,20494.0,1598146.0
2027-05-04,15865.0,24779.0,8913.0,1607059.0
2027-05-05,14630.0,24602.0,9972.0,1617031.0
2027-05-06,9959.0,18155.0,8195.0,1625226.0
2027-05-07,16360.0,17504.0,1144.0,1626370.0
2027-05-10,32751.0,16167.0,-16584.0,1609786.0
2027-05-11,12437.0,16591.0,4154.0,1613940.0
2027-05-12,14663.0,48689.0,34026.0,1647966.0
2027-05-13,9959.0,18155.0,8195.0,1656161.0
2027-05-14,16360.0,17504.0,1144.0,1657305.0
2027-05-17,42699.0,74380.0,31681.0,1688986.0
2027-05-18,29318.0,22136.0,-7182.0,1681804.0
2027-05-19,18132.0,48654.0,30522.0,1712326.0
2027-05-20,9959.0,18155.0,8195.0,1720521.0
2027-05-21,16360.0,17504.0,1144.0,1721665.0
2027-05-24,32751.0,16167.0,-16584.0,1705081.0
2027-05-25,12437.0,16591.0,4154.0,1709235.0
2027-05-26,16266.0,47104.0,30838.0,1740073.0
2027-05-27,13716.0,17473.0,3758.0,1743831.0
2027-05-28,18088.0,50609.0,32521.0,1776352.0
2027-06-01,42651.0,106519.0,63868.0,1840220.0
2027-06-02,18179.0,27633.0,9454.0,1849674.0
2027-06-03,16546.0,27589.0,11043.0,1860717.0
2027-06-04,20831.0,15716.0,-5115.0,1855602.0
2027-06-07,37553.0,14492.0,-23061.0,1832541.0
2027-06-08,14292.0,15400.0,1108.0,1833649.0
2027-06-09,19868.0,62361.0,42494.0,1876143.0
2027-06-10,12391.0,16480.0,4089.0,1880232.0
2027-06-11,20831.0,15716.0,-5115.0,1875117.0
2027-06-14,37553.0,14492.0,-23061.0,1852056.0
2027-06-15,80914.0,83300.0,2387.0,1854443.0
2027-06-16,34987.0,24126.0,-10862.0,1843581.0
2027-06-17,12391.0,16480.0,4089.0,1847670.0
2027-06-18,20831.0,15716.0,-5115.0,1842555.0
2027-06-21,37553.0,14492.0,-23061.0,1819494.0
2027-06-22,14292.0,15400.0,1108.0,1820602.0
2027-06-23,18305.0,59821.0,41516.0,1862118.0
2027-06-24,12391.0,16480.0,4089.0,1866207.0
2027-06-25,20831.0,15716.0,-5115.0,1861092.0
2027-06-28,37553.0,14492.0,-23061.0,1838031.0
2027-06-29,15811.0,17183.0,1372.0,1839403.0
2027-06-30,20091.0,57232.0,37141.0,1876544.0
2027-07-01,33362.0,124821.0,91459.0,1968003.0
2027-07-02,14629.0,24816.0,10187.0,1978190.0
2027-07-06,13465.0,24790.0,11325.0,1989515.0
2027-07-07,14283.0,13532.0,-751.0,1988764.0
2027-07-08,9412.0,17886.0,8475.0,1997239.0
2027-07-09,15736.0,16971.0,1235.0,1998474.0
2027-07-12,30729.0,15457.0,-15272.0,1983202.0
2027-07-13,12269.0,16239.0,3969.0,1987171.0
2027-07-14,13788.0,49460.0,35671.0,2022842.0
2027-07-15,41777.0,92803.0,51026.0,2073868.0
2027-07-16,27031.0,22040.0,-4991.0,2068877.0
2027-07-19,30729.0,15457.0,-15272.0,2053605.0
2027-07-20,12269.0,16239.0,3969.0,2057574.0
2027-07-21,16765.0,49583.0,32818.0,2090392.0
2027-07-22,9412.0,17886.0,8475.0,2098867.0
2027-07-23,15736.0,16971.0,1235.0,2100102.0
2027-07-26,30729.0,15457.0,-15272.0,2084830.0
2027-07-27,12269.0,16239.0,3969.0,2088799.0
2027-07-28,16110.0,48088.0,31978.0,2120777.0
2027-07-29,12863.0,17444.0,4581.0,2125358.0
2027-07-30,17018.0,113043.0,96025.0,2221383.0
2027-08-02,44039.0,75963.0,31924.0,2253307.0
2027-08-03,14450.0,26139.0,11689.0,2264996.0
2027-08-04,13365.0,26197.0,12832.0,2277828.0
2027-08-05,9345.0,19565.0,10219.0,2288047.0
2027-08-06,15130.0,18527.0,3397.0,2291444.0
2027-08-09,30433.0,17356.0,-13076.0,2278368.0
2027-08-10,12019.0,17954.0,5935.0,2284303.0
2027-08-11,13281.0,50607.0,37326.0,2321629.0
2027-08-12,9345.0,19565.0,10219.0,2331848.0
2027-08-13,15130.0,18527.0,3397.0,2335245.0
2027-08-16,35703.0,74899.0,39196.0,2374441.0
2027-08-17,26473.0,23678.0,-2794.0,2371647.0
2027-08-18,16582.0,50939.0,34358.0,2406005.0
2027-08-19,9345.0,19565.0,10219.0,2416224.0
2027-08-20,15130.0,18527.0,3397.0,2419621.0
2027-08-23,30433.0,17356.0,-13076.0,2406545.0
2027-08-24,12019.0,17954.0,5935.0,2412480.0
2027-08-25,15846.0,49422.0,33576.0,2446056.0
2027-08-26,9345.0,19565.0,10219.0,2456275.0
2027-08-27,15130.0,18527.0,3397.0,2459672.0
2027-08-30,12534.0,19331.0,6797.0,2466469.0
2027-08-31,16653.0,52596.0,35943.0,2502412.0
2027-09-01,49397.0,75042.0,25645.0,2528057.0
2027-09-02,21007.0,25851.0,4844.0,2532901.0
2027-09-03,19114.0,25605.0,6491.0,2539392.0
2027-09-07,16733.0,14491.0,-2242.0,2537150.0
2027-09-08,23811.0,58301.0,34490.0,2571640.0
2027-09-09,14733.0,15654.0,922.0,2572562.0
2027-09-10,24577.0,14794.0,-9783.0,2562779.0
2027-09-13,43619.0,13457.0,-30163.0,2532616.0
2027-09-14,16733.0,14491.0,-2242.0,2530374.0
2027-09-15,96172.0,17727.0,-78445.0,2451929.0
2027-09-16,40513.0,22298.0,-18215.0,2433714.0
2027-09-17,24577.0,14794.0,-9783.0,2423931.0
2027-09-20,43619.0,13457.0,-30163.0,2393768.0
2027-09-21,16733.0,14491.0,-2242.0,2391526.0
2027-09-22,21369.0,55747.0,34378.0,2425904.0
2027-09-23,14733.0,15654.0,922.0,2426826.0
2027-09-24,24577.0,14794.0,-9783.0,2417043.0
2027-09-27,43619.0,13457.0,-30163.0,2386880.0
2027-09-28,16733.0,14491.0,-2242.0,2384638.0
2027-09-29,18871.0,15753.0,-3119.0,2381519.0
2027-09-30,23739.0,5454.0,-18285.0,2363234.0
2027-10-01,42485.0,83663.0,41178.0,2404412.0
2027-10-04,18615.0,23164.0,4548.0,2408960.0
2027-10-05,17140.0,22548.0,5408.0,2414368.0
2027-10-06,17989.0,12551.0,-5439.0,2408929.0
2027-10-07,11584.0,15815.0,4231.0,2413160.0
2027-10-08,19420.0,14731.0,-4689.0,2408471.0
2027-10-12,14974.0,14931.0,-43.0,2408428.0
2027-10-13,16997.0,47612.0,30615.0,2439043.0
2027-10-14,11584.0,15815.0,4231.0,2443274.0
2027-10-15,51555.0,78295.0,26740.0,2470014.0
2027-10-18,34413.0,20549.0,-13864.0,2456150.0
2027-10-19,14974.0,14931.0,-43.0,2456107.0
2027-10-20,21288.0,47615.0,26327.0,2482434.0
2027-10-21,11584.0,15815.0,4231.0,2486665.0
2027-10-22,19420.0,14731.0,-4689.0,2481976.0
2027-10-25,38583.0,13834.0,-24748.0,2457228.0
2027-10-26,14974.0,14931.0,-43.0,2457185.0
2027-10-27,19637.0,45902.0,26265.0,2483450.0
2027-10-28,15959.0,15240.0,-718.0,2482732.0
2027-10-29,21024.0,53268.0,32244.0,2514976.0
2027-11-01,33817.0,132989.0,99171.0,2614147.0
2027-11-02,14878.0,26672.0,11793.0,2625940.0
2027-11-03,13735.0,26606.0,12872.0,2638812.0
2027-11-04,9371.0,19498.0,10127.0,2648939.0
2027-11-05,15496.0,18832.0,3336.0,2652275.0
2027-11-08,31078.0,17104.0,-13974.0,2638301.0
2027-11-09,12205.0,17706.0,5501.0,2643802.0
2027-11-10,13505.0,52012.0,38507.0,2682309.0
2027-11-12,15496.0,18832.0,3336.0,2685645.0
2027-11-15,37431.0,84042.0,46611.0,2732256.0
2027-11-16,27308.0,23792.0,-3516.0,2728740.0
2027-11-17,17035.0,52147.0,35113.0,2763853.0
2027-11-18,9371.0,19498.0,10127.0,2773980.0
2027-11-19,15496.0,18832.0,3336.0,2777316.0
2027-11-22,31078.0,17104.0,-13974.0,2763342.0
2027-11-23,12205.0,17706.0,5501.0,2768843.0
2027-11-24,16062.0,50633.0,34571.0,2803414.0
2027-11-26,15496.0,18832.0,3336.0,2806750.0
2027-11-29,12945.0,19028.0,6084.0,2812834.0
2027-11-30,17098.0,58167.0,41068.0,2853902.0
2027-12-01,40116.0,105566.0,65451.0,2919353.0
2027-12-02,16991.0,25909.0,8917.0,2928270.0
2027-12-03,15429.0,25784.0,10355.0,2938625.0
2027-12-06,35250.0,14032.0,-21218.0,2917407.0
2027-12-07,13523.0,14826.0,1303.0,2918710.0
2027-12-08,19612.0,58034.0,38422.0,2957132.0
2027-12-09,12048.0,15941.0,3894.0,2961026.0
2027-12-10,20168.0,14802.0,-5367.0,2955659.0
2027-12-13,35250.0,14032.0,-21218.0,2934441.0
2027-12-14,13523.0,14826.0,1303.0,2935744.0
2027-12-15,84078.0,88363.0,4286.0,2940030.0
2027-12-16,33043.0,22637.0,-10406.0,2929624.0
2027-12-17,20168.0,14802.0,-5367.0,2924257.0
2027-12-20,35250.0,14032.0,-21218.0,2903039.0
2027-12-21,13523.0,14826.0,1303.0,2904342.0
2027-12-22,17220.0,55508.0,38288.0,2942630.0
2027-12-23,12048.0,15941.0,3894.0,2946524.0
2027-12-24,20168.0,14802.0,-5367.0,2941157.0
2027-12-27,35250.0,14032.0,-21218.0,2919939.0
2027-12-28,13523.0,14826.0,1303.0,2921242.0
2027-12-29,16833.0,13518.0,-3315.0,2917927.0
2027-12-30,14929.0,16114.0,1185.0,2919112.0
2027-12-31,21157.0,96384.0,75226.0,2994338.0
