month,bucket,dts,mts,wedge
2023-03,hhs,217933.0,200966.11375642,16966.886243579997
2023-04,hhs,102320.0,87664.47369197999,14655.52630802001
2023-05,hhs,164051.0,151881.79746745,12169.20253255
2023-06,hhs,227404.0,210386.26550141,17017.734498589998
2023-07,hhs,100674.0,85218.83991342,15455.16008658
2023-08,hhs,148063.0,140115.92702176,7947.072978240001
2023-09,hhs,204835.0,189996.96191471,14838.038085289998
2023-10,hhs,105718.0,89785.48457006,15932.515429940002
2023-11,hhs,167275.0,151725.81863128,15549.18136871999
2023-12,hhs,153447.0,135474.44446206,17972.555537940003
2024-01,hhs,162685.0,145884.97125116,16800.028748840006
2024-02,hhs,163008.0,144219.07142525,18788.928574749996
2024-03,hhs,160375.0,144378.80705317002,15996.192946829979
2024-04,hhs,163048.0,143721.33337294,19326.66662706001
2024-05,hhs,231078.0,212825.74211703,18252.257882970007
2024-06,hhs,108582.0,89572.90967997,19009.090320029994
2024-07,hhs,177857.0,158487.01052352,19369.989476479997
2024-08,hhs,209279.0,201787.79755569,7491.202444310009
2024-09,hhs,123282.0,102757.76815856,20524.231841440007
2024-10,hhs,171343.0,151676.50605777,19666.49394223001
2024-11,hhs,220968.0,201203.09493622,19764.905063779996
2024-12,hhs,118748.0,99431.66696325,19316.333036750002
2025-01,hhs,223303.0,204730.59695326,18572.403046739986
2025-02,hhs,168288.0,145068.08989819,23219.910101810005
2025-03,hhs,122286.0,99200.89607692999,23085.10392307001
2025-04,hhs,177708.0,156252.36897423002,21455.63102576998
2025-05,hhs,242177.0,223452.52509898998,18724.47490101002
2025-06,hhs,116451.0,94991.01848338,21459.98151662
2025-07,hhs,202407.0,181007.96011805,21399.03988195001
2025-08,hhs,221762.0,212771.63794798998,8990.362052010023
2025-09,hhs,136820.0,114490.79701783,22329.202982169998
2025-10,hhs,250797.0,228099.93905458,22697.060945420002
2025-11,hhs,116660.0,96503.23858131,20156.761418690003
2025-12,hhs,181723.0,162057.53969753,19665.46030246999
2026-01,hhs,239019.0,217087.52904611,21931.470953890006
2026-02,hhs,171783.0,147895.00310471,23887.99689529001
2026-03,hhs,133188.0,108795.97948851,24392.02051149
2026-04,hhs,183218.0,159609.96413954,23608.03586045999
2026-05,hhs,182871.0,165130.157162,17740.84283800001
2026-06,hhs,214749.0,189139.72501460998,25609.274985390017
2023-03,ssa,112122.0,124976.34101872999,-12854.341018729989
2023-04,ssa,102667.0,115301.35009929,-12634.350099289994
2023-05,ssa,108075.0,120840.46723617999,-12765.46723617999
2023-06,ssa,112385.0,131036.05420831,-18651.05420831
2023-07,ssa,103155.0,115871.11350208,-12716.11350208
2023-08,ssa,108367.0,121226.21467352001,-12859.214673520008
2023-09,ssa,112993.0,126176.88447356,-13183.88447356
2023-10,ssa,104786.0,117573.20788882,-12787.207888820005
2023-11,ssa,108612.0,121564.60137155,-12952.601371550001
2023-12,ssa,114167.0,127197.22876866,-13030.228768660003
2024-01,ssa,107588.0,121081.95252524,-13493.952525240005
2024-02,ssa,112985.0,126327.68773811999,-13342.687738119988
2024-03,ssa,113959.0,127752.61915341,-13793.619153410007
2024-04,ssa,114276.0,128016.6298526,-13740.629852600003
2024-05,ssa,119484.0,133415.60214883,-13931.602148829988
2024-06,ssa,109484.0,129199.97582932001,-19715.975829320014
2024-07,ssa,114867.0,128653.74762208,-13786.747622080002
2024-08,ssa,120250.0,134485.22864728,-14235.22864727999
2024-09,ssa,110677.0,124465.16386808,-13788.163868079995
2024-10,ssa,116532.0,130125.23574885001,-13593.235748850013
2024-11,ssa,121046.0,135135.98926648,-14089.989266479999
2024-12,ssa,116209.0,129873.4143812,-13664.414381199997
2025-01,ssa,118669.0,133598.93222997,-14929.93222997
2025-02,ssa,119564.0,134036.30773407,-14472.307734069997
2025-03,ssa,130200.0,144839.25964227,-14639.259642269986
2025-04,ssa,122589.0,137745.22112191,-15156.221121909999
2025-05,ssa,128715.0,143634.11127389,-14919.111273890012
2025-06,ssa,118549.0,141248.81395097,-22699.813950970012
2025-07,ssa,123128.0,138142.65862776,-15014.658627760014
2025-08,ssa,128843.0,144216.66437204002,-15373.664372040017
2025-09,ssa,119251.0,133918.61110772,-14667.611107720004
2025-10,ssa,130068.0,144539.41447679,-14471.41447679
2025-11,ssa,119572.0,134277.08337872,-14705.08337872001
2025-12,ssa,129992.0,144899.4085257,-14907.408525700012
2026-01,ssa,127259.0,143548.51669361998,-16289.516693619982
2026-02,ssa,127749.0,143780.60255501,-16031.602555010002
2026-03,ssa,123862.0,139445.16116385002,-15583.161163850018
2026-04,ssa,128934.0,144971.26474128,-16037.26474128
2026-05,ssa,129695.0,145859.09412480998,-16164.094124809984
2026-06,ssa,129416.0,152111.02801948,-22695.02801948
2023-03,dod,34700.0,79381.24802213,-44681.24802213001
2023-04,dod,28043.0,53485.338445379995,-25442.338445379995
2023-05,dod,31737.0,61808.77875183999,-30071.778751839993
2023-06,dod,31998.0,74855.72600708,-42857.72600708
2023-07,dod,27545.0,52665.115850660004,-25120.115850660004
2023-08,dod,32805.0,66366.80598996,-33561.805989960005
2023-09,dod,35256.0,80434.24559119,-45178.24559119
2023-10,dod,38097.0,83381.26678379,-45284.26678378999
2023-11,dod,43882.0,66327.25136201999,-22445.25136201999
2023-12,dod,59093.0,77074.31196726,-17981.31196726
2024-01,dod,34595.0,56006.66368369,-21411.66368369
2024-02,dod,40170.0,61334.830338019994,-21164.830338019994
2024-03,dod,46250.0,66267.72353158,-20017.723531580006
2024-04,dod,42014.0,60558.95960239,-18544.95960239
2024-05,dod,48659.0,74272.42630593,-25613.42630593
2024-06,dod,40624.0,63357.90623314,-22733.90623314
2024-07,dod,43727.0,66646.00860533,-22919.008605330004
2024-08,dod,50373.0,78749.25921907001,-28376.25921907001
2024-09,dod,46785.0,72311.69029833,-25526.690298329995
2024-10,dod,45400.0,99151.11100533999,-53751.11100533999
2024-11,dod,51977.0,72328.72322862,-20351.72322862
2024-12,dod,59524.0,78782.67487578999,-19258.67487578999
2025-01,dod,44913.0,67956.30403817,-23043.304038169998
2025-02,dod,42127.0,61355.477562269996,-19228.477562269996
2025-03,dod,47004.0,63490.04824912,-16486.048249120002
2025-04,dod,48798.0,66373.75716452,-17575.757164519993
2025-05,dod,51924.0,72222.63947939,-20298.639479389996
2025-06,dod,45351.0,65755.4599581,-20404.459958099993
2025-07,dod,51545.0,71528.00998261,-19983.009982610005
2025-08,dod,51100.0,78020.06208588001,-26920.06208588001
2025-09,dod,48675.0,71447.37016815,-22772.370168149995
2025-10,dod,47181.0,95546.26697934,-48365.26697934
2025-11,dod,40474.0,61862.60514596,-21388.60514596
2025-12,dod,75110.0,98297.24129547,-23187.241295469998
2026-01,dod,47446.0,70751.45867202,-23305.458672020002
2026-02,dod,45732.0,66870.00763145,-21138.007631450004
2026-03,dod,49083.0,65101.69809811,-16018.698098109999
2026-04,dod,52669.0,72824.50211383,-20155.502113830007
2026-05,dod,49122.0,69077.59861882,-19955.598618820004
2026-06,dod,56459.0,78329.78424677001,-21870.78424677001
2023-03,odcp,0.0,10813.43541018,-10813.43541018
2023-04,odcp,0.0,-1889.70600831,1889.70600831
2023-05,odcp,0.0,5615.728250270001,-5615.728250270001
2023-06,odcp,0.0,11583.27590707,-11583.27590707
2023-07,odcp,0.0,573.13396086,-573.13396086
2023-08,odcp,0.0,5021.976683819999,-5021.976683819999
2023-09,odcp,0.0,12185.89650906,-12185.89650906
2023-10,odcp,446.0,-1563.96434299,2009.96434299
2023-11,odcp,5621.0,6029.41944325,-408.41944324999986
2023-12,odcp,10951.0,13366.09749487,-2415.0974948700004
2024-01,odcp,473.0,2029.7601648599998,-1556.7601648599998
2024-02,odcp,5821.0,6177.85819603,-356.8581960299998
2024-03,odcp,5818.0,5900.52846228,-82.52846227999999
2024-04,odcp,5817.0,3612.07009709,2204.92990291
2024-05,odcp,11166.0,11077.312817540002,88.68718245999844
2024-06,odcp,457.0,218.57024138999998,238.42975861000002
2024-07,odcp,5814.0,6753.00315759,-939.0031575900002
2024-08,odcp,11186.0,11864.5849864,-678.5849863999993
2024-09,odcp,465.0,755.01372381,-290.01372381
2024-10,odcp,5835.0,7029.75730262,-1194.7573026199998
2024-11,odcp,11226.0,12647.21073788,-1421.2107378799992
2024-12,odcp,5966.0,7197.65103937,-1231.65103937
2025-01,odcp,5995.0,7779.956757350001,-1784.9567573500008
2025-02,odcp,5988.0,6213.99817434,-225.99817434000033
2025-03,odcp,457.0,-563.43816699,1020.43816699
2025-04,odcp,5982.0,4336.2577286099995,1645.7422713900005
2025-05,odcp,11499.0,12807.463901719999,-1308.4639017199988
2025-06,odcp,459.0,440.68459827,18.31540173000002
2025-07,odcp,5984.0,7445.24300159,-1461.24300159
2025-08,odcp,11515.0,10302.61525735,1212.3847426499997
2025-09,odcp,461.0,850.1585142,-389.1585142
2025-10,odcp,11536.0,10518.50522004,1017.4947799599995
2025-11,odcp,460.0,898.49003297,-438.49003297
2025-12,odcp,11684.0,13118.9974336,-1434.9974335999996
2026-01,odcp,6191.0,9473.20484908,-3282.2048490800007
2026-02,odcp,6178.0,5626.74290974,551.25709026
2026-03,odcp,468.0,400.98965314,67.01034686000003
2026-04,odcp,6186.0,4420.09425611,1765.90574389
2026-05,odcp,6182.0,3763.0042406999996,2418.9957593000004
2026-06,odcp,6186.0,-2282.5563749000003,8468.5563749
2023-03,va,32399.0,39920.148076599995,-7521.148076599995
2023-04,va,6931.0,12104.2300766,-5173.230076600001
2023-05,va,20651.0,25728.23383072,-5077.233830720001
2023-06,va,31536.0,36901.26730366,-5365.267303660003
2023-07,va,7649.0,12829.777563709999,-5180.7775637099985
2023-08,va,20401.0,25800.52682526,-5399.52682526
2023-09,va,33377.0,42876.52216229,-9499.522162289999
2023-10,va,8637.0,14035.311365,-5398.311365
2023-11,va,20975.0,26449.84828771,-5474.84828771
2023-12,va,34071.0,40158.53152879,-6087.531528790001
2024-01,va,8527.0,14214.960538770001,-5687.960538770001
2024-02,va,21314.0,27217.21473107,-5903.214731069998
2024-03,va,20513.0,29163.63604705,-8650.63604705
2024-04,va,24283.0,31622.356928060002,-7339.356928060002
2024-05,va,37346.0,38533.488967059995,-1187.488967059995
2024-06,va,8219.0,13888.1157178,-5669.115717799999
2024-07,va,22604.0,28686.337080669997,-6082.337080669997
2024-08,va,36542.0,45267.35083119,-8725.35083119
2024-09,va,10306.0,15766.80495329,-5460.80495329
2024-10,va,24964.0,30603.990180419998,-5639.990180419998
2024-11,va,38915.0,44348.02178262,-5433.021782620002
2024-12,va,24400.0,30166.24363685,-5766.243636849998
2025-01,va,25225.0,33558.40645289,-8333.406452889998
2025-02,va,25762.0,30818.86597221,-5056.865972209998
2025-03,va,10870.0,15806.82791674,-4936.82791674
2025-04,va,26714.0,27858.89026133,-1144.8902613300015
2025-05,va,42387.0,46468.47495806,-4081.4749580599964
2025-06,va,10824.0,18193.78225489,-7369.78225489
2025-07,va,26154.0,31734.72859426,-5580.728594259999
2025-08,va,41443.0,49775.026366410006,-8332.026366410006
2025-09,va,11610.0,17257.92879446,-5647.92879446
2025-10,va,43800.0,49435.84698468,-5635.84698468
2025-11,va,8642.0,14310.4364844,-5668.436484399999
2025-12,va,44042.0,50225.90226056,-6183.902260559997
2026-01,va,26354.0,35458.90730088,-9104.907300879997
2026-02,va,28612.0,34601.72219771,-5989.722197709998
2026-03,va,11435.0,17330.2645538,-5895.2645538
2026-04,va,28393.0,35635.191214599996,-7242.191214599996
2026-05,va,27432.0,33234.73425127,-5802.734251269998
2026-06,va,29077.0,34652.63190046,-5575.631900460001
2023-03,usda,16616.0,18218.3475922,-1602.3475921999998
2023-04,usda,14944.0,15601.010922110001,-657.010922110001
2023-05,usda,16065.0,16482.14243755,-417.14243754999916
2023-06,usda,15197.0,18041.06920269,-2844.0692026899997
2023-07,usda,14544.0,15619.11584567,-1075.1158456699995
2023-08,usda,14858.0,15758.35521808,-900.3552180799998
2023-09,usda,14301.0,14984.57672126,-683.5767212600003
2023-10,usda,21126.0,22218.79184232,-1092.791842319999
2023-11,usda,16235.0,18111.05658973,-1876.0565897300003
2023-12,usda,19353.0,20867.328011330002,-1514.3280113300025
2024-01,usda,17434.0,19006.56733266,-1572.5673326600008
2024-02,usda,15659.0,16819.11357455,-1160.1135745499996
2024-03,usda,14492.0,15371.35549448,-879.3554944799998
2024-04,usda,14741.0,15034.60014232,-293.6001423199996
2024-05,usda,15598.0,17186.643004970003,-1588.643004970003
2024-06,usda,14933.0,15323.19461676,-390.1946167599999
2024-07,usda,14762.0,17169.112005850002,-2407.112005850002
2024-08,usda,14162.0,14990.22346934,-828.2234693400005
2024-09,usda,9894.0,11303.82867173,-1409.8286717299998
2024-10,usda,22773.0,24803.158842970002,-2030.1588429700023
2024-11,usda,21347.0,22222.37869095,-875.3786909500013
2024-12,usda,19390.0,20813.49624373,-1423.4962437299982
2025-01,usda,18590.0,19300.42069468,-710.4206946800005
2025-02,usda,15277.0,15561.035320590001,-284.035320590001
2025-03,usda,16319.0,17466.12403581,-1147.1240358100004
2025-04,usda,19246.0,21316.40517193,-2070.4051719300005
2025-05,usda,16197.0,16872.16790072,-675.16790072
2025-06,usda,16445.0,18188.40518396,-1743.4051839599997
2025-07,usda,16467.0,19465.96858048,-2998.968580479999
2025-08,usda,17066.0,18184.16962628,-1118.1696262799996
2025-09,usda,11590.0,13238.150246899999,-1648.1502468999988
2025-10,usda,17720.0,17333.73111263,386.268887369999
2025-11,usda,19245.0,18383.73343431,861.266565689999
2025-12,usda,20324.0,20096.02518221,227.9748177900001
2026-01,usda,15186.0,14605.44258366,580.5574163399997
2026-02,usda,15184.0,12994.30205459,2189.69794541
2026-03,usda,21371.0,33141.386882189996,-11770.386882189996
2026-04,usda,14741.0,16965.18236467,-2224.1823646699995
2026-05,usda,19954.0,22625.79016354,-2671.7901635400012
2026-06,usda,15438.0,17406.685158009997,-1968.6851580099974
2023-03,ed,16629.0,38077.324723629994,-21448.324723629994
2023-04,ed,12620.0,9577.858087120001,3042.141912879999
2023-05,ed,15988.0,12048.73359752,3939.2664024799997
2023-06,ed,18357.0,26503.458541490003,-8146.458541490003
2023-07,ed,11594.0,82920.80725801,-71326.80725801
2023-08,ed,21803.0,-319587.7783082,341390.7783082
2023-09,ed,21921.0,23265.30898913,-1344.3089891300006
2023-10,ed,12470.0,18946.57974305,-6476.579743049999
2023-11,ed,10500.0,11695.62549324,-1195.6254932400007
2023-12,ed,10621.0,11328.213069649999,-707.2130696499989
2024-01,ed,33218.0,15336.555666389999,17881.44433361
2024-02,ed,18718.0,13696.0734591,5021.9265409
2024-03,ed,9910.0,9840.10998313,69.89001687000018
2024-04,ed,12158.0,25108.351009939997,-12950.351009939997
2024-05,ed,11834.0,9709.76116581,2124.2388341900005
2024-06,ed,14269.0,86834.80654328999,-72565.80654328999
2024-07,ed,10432.0,9149.43225197,1282.56774803
2024-08,ed,24360.0,38894.13461739,-14534.134617390002
2024-09,ed,25249.0,17813.72968194,7435.27031806
2024-10,ed,14793.0,22563.36851884,-7770.368518840001
2024-11,ed,9102.0,9369.62843333,-267.6284333299991
2024-12,ed,9766.0,10719.51374704,-953.5137470400005
2025-01,ed,40284.0,19987.07134522,20296.92865478
2025-02,ed,9754.0,8140.99948644,1613.0005135600004
2025-03,ed,7128.0,8094.40876157,-966.40876157
2025-04,ed,6126.0,7324.42966198,-1198.4296619799998
2025-05,ed,6831.0,6718.34311651,112.65688348999993
2025-06,ed,7757.0,7894.24811931,-137.24811931000022
2025-07,ed,5333.0,30653.74553136,-25320.74553136
2025-08,ed,15837.0,8530.74640137,7306.253598630001
2025-09,ed,21504.0,-105278.7047047,126782.7047047
2025-10,ed,8209.0,18856.67422357,-10647.67422357
2025-11,ed,5189.0,6724.25652811,-1535.2565281099996
2025-12,ed,4798.0,5892.13570396,-1094.1357039599998
2026-01,ed,26027.0,19262.47629167,6764.523708330002
2026-02,ed,14839.0,10874.03630919,3964.96369081
2026-03,ed,6711.0,8364.46352123,-1653.46352123
2026-04,ed,4759.0,6932.07325051,-2173.0732505100004
2026-05,ed,5063.0,5836.38153555,-773.3815355500001
2026-06,ed,7788.0,-36911.39144749,44699.39144749
2023-03,dol,5172.0,5281.16220502,-109.16220502000033
2023-04,dol,4153.0,4207.41944932,-54.41944932000024
2023-05,dol,5634.0,5632.70964598,1.29035402000045
2023-06,dol,3898.0,3865.2025183299997,32.79748167000025
2023-07,dol,6081.0,5937.36303158,143.6369684199999
2023-08,dol,6862.0,6596.44175583,265.55824416999985
2023-09,dol,1343.0,1958.26342604,-615.26342604
2023-10,dol,-236.0,-1555.52758709,1319.52758709
2023-11,dol,4623.0,4557.14725847,65.85274152999955
2023-12,dol,5008.0,5249.16531072,-241.16531071999998
2024-01,dol,5625.0,5650.70806246,-25.708062460000292
2024-02,dol,5380.0,5277.36480003,102.63519997000003
2024-03,dol,5158.0,10057.70896291,-4899.708962909999
2024-04,dol,5368.0,4796.5289077200005,571.4710922799995
2024-05,dol,2546.0,924.36082536,1621.63917464
2024-06,dol,4201.0,4258.26823563,-57.26823563000016
2024-07,dol,11106.0,11183.98905061,-77.98905061000005
2024-08,dol,12001.0,11437.36831218,563.6316878199996
2024-09,dol,2686.0,3834.5395171799996,-1148.5395171799996
2024-10,dol,1208.0,-201.14969033000003,1409.14969033
2024-11,dol,5558.0,5415.96313475,142.03686525000012
2024-12,dol,6476.0,6620.62749062,-144.62749061999966
2025-01,dol,6024.0,6180.96569075,-156.96569075000025
2025-02,dol,6852.0,6837.28811407,14.71188592999988
2025-03,dol,5394.0,5044.00391691,349.99608308999996
2025-04,dol,5055.0,5027.20273633,27.797263669999666
2025-05,dol,4747.0,4386.01757528,360.9824247200004
2025-06,dol,5841.0,5967.78499337,-126.78499336999994
2025-07,dol,4872.0,4810.84393813,61.156061869999576
2025-08,dol,4359.0,4216.80981592,142.1901840800001
2025-09,dol,-1879.0,-3923.29287447,2044.2928744699998
2025-10,dol,5066.0,2606.46452228,2459.53547772
2025-11,dol,5293.0,5182.83175828,110.16824171999997
2025-12,dol,6343.0,6596.07854939,-253.07854939000026
2026-01,dol,4100.0,4201.95663263,-101.95663263000006
2026-02,dol,5706.0,5663.15100404,42.84899596000014
2026-03,dol,5677.0,2694.30585707,2982.69414293
2026-04,dol,7946.0,7708.76945527,237.23054472999956
2026-05,dol,4918.0,4416.84245012,501.15754988000026
2026-06,dol,4844.0,4458.7004664099995,385.29953359000046
2023-03,dot,7764.0,7413.95148983,350.04851016999964
2023-04,dot,6351.0,7142.15875462,-791.1587546199999
2023-05,dot,10362.0,11681.284560290002,-1319.2845602900015
2023-06,dot,9311.0,9562.44698556,-251.44698556000003
2023-07,dot,8686.0,9458.16581016,-772.1658101600005
2023-08,dot,11610.0,11077.51495866,532.48504134
2023-09,dot,12050.0,12937.479506799998,-887.4795067999985
2023-10,dot,7956.0,9194.91580857,-1238.91580857
2023-11,dot,8635.0,9454.6598469,-819.6598469
2023-12,dot,7732.0,8475.35182189,-743.3518218900008
2024-01,dot,6395.0,7301.424465020001,-906.4244650200008
2024-02,dot,7522.0,8126.87865552,-604.8786555200004
2024-03,dot,6772.0,7600.31359618,-828.3135961799999
2024-04,dot,6551.0,8038.89558357,-1487.8955835699999
2024-05,dot,9430.0,9916.43789727,-486.43789726999967
2024-06,dot,10042.0,11083.46226285,-1041.4622628500001
2024-07,dot,9224.0,10001.49973234,-777.4997323400003
2024-08,dot,10444.0,11241.99638513,-797.9963851299999
2024-09,dot,15047.0,16953.54212957,-1906.5421295699998
2024-10,dot,8140.0,9768.20623999,-1628.2062399900005
2024-11,dot,8539.0,9243.31528259,-704.3152825899997
2024-12,dot,10466.0,11352.20390384,-886.2039038399998
2025-01,dot,9480.0,8785.16268958,694.83731042
2025-02,dot,6822.0,8116.15646865,-1294.1564686499996
2025-03,dot,7713.0,8643.62500507,-930.62500507
2025-04,dot,8410.0,9718.76581714,-1308.7658171399999
2025-05,dot,8346.0,9059.00780365,-713.0078036499999
2025-06,dot,9962.0,11207.99376613,-1245.9937661299991
2025-07,dot,10625.0,11577.951345309999,-952.9513453099989
2025-08,dot,14774.0,11777.37100395,2996.62899605
2025-09,dot,16915.0,18333.022131849997,-1418.022131849997
2025-10,dot,9926.0,9864.82314136,61.17685863999941
2025-11,dot,7951.0,8928.989484799999,-977.9894847999985
2025-12,dot,9544.0,10162.39279341,-618.3927934099993
2026-01,dot,7882.0,8545.524439159999,-663.524439159999
2026-02,dot,7133.0,7865.560267,-732.5602669999998
2026-03,dot,8747.0,9969.91753726,-1222.9175372600002
2026-04,dot,8878.0,8683.43857558,194.56142442000055
2026-05,dot,8882.0,8877.145100110001,4.8548998899987055
2026-06,dot,9553.0,10735.76536026,-1182.7653602600003
2023-03,dhs,4986.0,8294.72879574,-3308.7287957400004
2023-04,dhs,4143.0,6596.33624131,-2453.3362413100003
2023-05,dhs,4000.0,8005.82330433,-4005.8233043299997
2023-06,dhs,5396.0,8529.9537004,-3133.9537003999994
2023-07,dhs,3194.0,6093.8324592,-2899.8324592
2023-08,dhs,4089.0,6901.356978350001,-2812.3569783500006
2023-09,dhs,4269.0,8021.94076566,-3752.9407656599997
2023-10,dhs,3918.0,8326.908297560001,-4408.908297560001
2023-11,dhs,3453.0,6481.13024278,-3028.13024278
2023-12,dhs,3815.0,7532.705604260001,-3717.7056042600007
2024-01,dhs,3604.0,6369.8245471499995,-2765.8245471499995
2024-02,dhs,4038.0,7070.20436282,-3032.20436282
2024-03,dhs,3275.0,7855.05781756,-4580.05781756
2024-04,dhs,4122.0,8700.040108430001,-4578.040108430001
2024-05,dhs,4168.0,6919.977454770001,-2751.977454770001
2024-06,dhs,3007.0,6445.15194421,-3438.15194421
2024-07,dhs,4137.0,7441.43668205,-3304.43668205
2024-08,dhs,4146.0,6890.03489013,-2744.0348901300003
2024-09,dhs,3903.0,9247.66191344,-5344.661913440001
2024-10,dhs,6043.0,9706.9271516,-3663.927151600001
2024-11,dhs,6318.0,9551.577918590001,-3233.577918590001
2024-12,dhs,8101.0,12141.28662803,-4040.2866280300004
2025-01,dhs,6652.0,9734.93983384,-3082.9398338400006
2025-02,dhs,6841.0,10273.40035792,-3432.40035792
2025-03,dhs,1672.0,7309.59902905,-5637.59902905
2025-04,dhs,7378.0,10707.99608641,-3329.9960864099994
2025-05,dhs,5694.0,9404.16658258,-3710.166582579999
2025-06,dhs,5298.0,9284.608291690001,-3986.6082916900014
2025-07,dhs,3622.0,6816.284716890001,-3194.2847168900007
2025-08,dhs,5142.0,9589.20571079,-4447.20571079
2025-09,dhs,5088.0,10785.5559562,-5697.5559562
2025-10,dhs,4377.0,5513.10246713,-1136.1024671300002
2025-11,dhs,3324.0,6346.19472268,-3022.1947226800003
2025-12,dhs,3884.0,7511.99008151,-3627.99008151
2026-01,dhs,10585.0,12964.30005591,-2379.30005591
2026-02,dhs,3151.0,6189.02976583,-3038.0297658299996
2026-03,dhs,4832.0,7764.94342664,-2932.9434266400003
2026-04,dhs,5662.0,8496.83997863,-2834.8399786299997
2026-05,dhs,27725.0,9421.100942430001,18303.89905757
2026-06,dhs,55754.0,11072.08734507,44681.91265493
2023-03,doj,1076.0,3440.27845243,-2364.27845243
2023-04,doj,2911.0,5763.46511335,-2852.46511335
2023-05,doj,1701.0,4445.49065688,-2744.4906568799997
2023-06,doj,1207.0,3255.4969960900003,-2048.4969960900003
2023-07,doj,315.0,2663.83912599,-2348.83912599
2023-08,doj,-352.0,3734.34668388,-4086.34668388
2023-09,doj,1147.0,3989.4626059499997,-2842.4626059499997
2023-10,doj,715.0,3838.8780178899997,-3123.8780178899997
2023-11,doj,1653.0,3641.22550733,-1988.2255073299998
2023-12,doj,726.0,3099.5828231,-2373.5828231
2024-01,doj,867.0,3753.5581532399997,-2886.5581532399997
2024-02,doj,1307.0,3522.6964410100004,-2215.6964410100004
2024-03,doj,630.0,2823.6740635300002,-2193.6740635300002
2024-04,doj,6.0,4322.45926507,-4316.45926507
2024-05,doj,25.0,3788.59253182,-3763.59253182
2024-06,doj,937.0,3379.3662158800003,-2442.3662158800003
2024-07,doj,1564.0,3707.280098,-2143.280098
2024-08,doj,877.0,3660.85580991,-2783.85580991
2024-09,doj,1394.0,4457.21765818,-3063.2176581800004
2024-10,doj,428.0,2867.98606075,-2439.98606075
2024-11,doj,982.0,3331.54541736,-2349.54541736
2024-12,doj,1214.0,4565.652684,-3351.6526839999997
2025-01,doj,1103.0,3666.60950956,-2563.60950956
2025-02,doj,1436.0,4146.05136918,-2710.0513691799997
2025-03,doj,1281.0,4423.12632399,-3142.12632399
2025-04,doj,182.0,3263.9916601,-3081.9916601
2025-05,doj,173.0,3343.5272958200003,-3170.5272958200003
2025-06,doj,1177.0,3267.9263265500003,-2090.9263265500003
2025-07,doj,1182.0,3835.4935533800003,-2653.4935533800003
2025-08,doj,799.0,3599.25094921,-2800.25094921
2025-09,doj,1524.0,4636.77242293,-3112.77242293
2025-10,doj,-63.0,2085.4193155,-2148.4193155
2025-11,doj,3487.0,5977.06081795,-2490.0608179499995
2025-12,doj,1281.0,3820.6526705300003,-2539.6526705300003
2026-01,doj,1211.0,3154.2554615,-1943.2554615
2026-02,doj,1368.0,3409.90244683,-2041.90244683
2026-03,doj,285.0,4696.97668491,-4411.97668491
2026-04,doj,442.0,3196.4162554699997,-2754.4162554699997
2026-05,doj,1287.0,3385.2479868299997,-2098.2479868299997
2026-06,doj,1236.0,3538.3730888,-2302.3730888
2023-03,dos,1299.0,1940.0780396199998,-641.0780396199998
2023-04,dos,1401.0,2118.90142492,-717.90142492
2023-05,dos,2632.0,3201.73836791,-569.7383679099999
2023-06,dos,1759.0,2791.32825385,-1032.3282538499998
2023-07,dos,1269.0,2318.56628417,-1049.56628417
2023-08,dos,1232.0,2332.4026975399997,-1100.4026975399997
2023-09,dos,3307.0,5788.9951733,-2481.9951733
2023-10,dos,1829.0,2944.88051703,-1115.8805170300002
2023-11,dos,1167.0,2364.6111239899997,-1197.6111239899997
2023-12,dos,1260.0,2427.6724879699996,-1167.6724879699996
2024-01,dos,1888.0,3476.7224062399996,-1588.7224062399996
2024-02,dos,1130.0,2979.12600058,-1849.12600058
2024-03,dos,1048.0,2720.7030999,-1672.7030998999999
2024-04,dos,1902.0,3238.7633217800003,-1336.7633217800003
2024-05,dos,1261.0,2214.61392754,-953.6139275400001
2024-06,dos,1040.0,2270.7030247899997,-1230.7030247899997
2024-07,dos,2137.0,3130.28735908,-993.28735908
2024-08,dos,2463.0,3425.11353408,-962.1135340800001
2024-09,dos,2833.0,5823.93917378,-2990.9391737799997
2024-10,dos,1723.0,3064.8807392,-1341.8807391999999
2024-11,dos,1922.0,2927.40719349,-1005.4071934899998
2024-12,dos,1624.0,3347.7445562199996,-1723.7445562199996
2025-01,dos,1274.0,2417.8659653699997,-1143.8659653699997
2025-02,dos,522.0,1406.71056988,-884.7105698800001
2025-03,dos,1539.0,2509.98237844,-970.98237844
2025-04,dos,723.0,1910.80457242,-1187.80457242
2025-05,dos,886.0,2203.62986134,-1317.62986134
2025-06,dos,924.0,2501.6790115100002,-1577.6790115100002
2025-07,dos,821.0,2002.04683175,-1181.04683175
2025-08,dos,678.0,1899.59904527,-1221.59904527
2025-09,dos,923.0,2169.97519779,-1246.97519779
2025-10,dos,870.0,2178.9656731,-1308.9656731
2025-11,dos,963.0,2000.41823559,-1037.41823559
2025-12,dos,1269.0,2327.75813976,-1058.7581397600002
2026-01,dos,987.0,2061.04110822,-1074.0411082199998
2026-02,dos,1470.0,2546.3437841100003,-1076.3437841100003
2026-03,dos,2794.0,2580.9944143400003,213.00558565999972
2026-04,dos,297.0,1069.11497748,-772.1149774800001
2026-05,dos,878.0,2338.83905887,-1460.83905887
2026-06,dos,1253.0,1510.80320261,-257.80320260999997
2023-03,doe,3994.0,3796.9145899200003,197.08541007999975
2023-04,doe,3531.0,3369.15093093,161.84906907000004
2023-05,doe,3411.0,3042.29859554,368.70140446000005
2023-06,doe,3192.0,3071.122133,120.87786700000015
2023-07,doe,2754.0,2664.27071829,89.72928171000012
2023-08,doe,3944.0,2561.28170532,1382.7182946799999
2023-09,doe,4475.0,4469.78026546,5.21973453999999
2023-10,doe,4131.0,4152.42745909,-21.42745909000041
2023-11,doe,3935.0,4013.2845887199996,-78.28458871999965
2023-12,doe,4118.0,4082.7492111799997,35.25078882000025
2024-01,doe,3928.0,3760.32914702,167.67085297999984
2024-02,doe,3855.0,3871.66552087,-16.66552086999991
2024-03,doe,4240.0,4088.91280681,151.0871931900001
2024-04,doe,4168.0,3996.912885,171.0871149999998
2024-05,doe,5017.0,4716.3165774300005,300.6834225699995
2024-06,doe,4270.0,4057.73752139,212.26247861000002
2024-07,doe,4115.0,3933.44320688,181.55679311999984
2024-08,doe,4586.0,4545.00050712,40.99949287999971
2024-09,doe,4334.0,4096.6595566,237.34044340000037
2024-10,doe,4927.0,4961.23772901,-34.237729010000294
2024-11,doe,4247.0,4116.26602804,130.73397196000042
2024-12,doe,4739.0,4836.87059837,-97.87059837000015
2025-01,doe,4834.0,4874.437729159999,-40.437729159999435
2025-02,doe,3886.0,3782.05320351,103.94679649
2025-03,doe,3782.0,3569.9188892399998,212.08111076000023
2025-04,doe,4061.0,3898.91238785,162.08761215000004
2025-05,doe,4756.0,4798.42055683,-42.42055683000035
2025-06,doe,4698.0,4688.3458035,9.65419649999967
2025-07,doe,4332.0,4276.87306933,55.12693066999964
2025-08,doe,4182.0,3830.7676407800004,351.2323592199996
2025-09,doe,4936.0,4658.132295859999,277.86770414000057
2025-10,doe,4893.0,5070.149810729999,-177.14981072999944
2025-11,doe,3747.0,3589.8767805700004,157.1232194299996
2025-12,doe,4928.0,5013.84456295,-85.84456295000018
2026-01,doe,4109.0,4184.61650334,-75.61650334000024
2026-02,doe,3696.0,3722.40405175,-26.40405174999978
2026-03,doe,4292.0,4100.28525712,191.7147428799999
2026-04,doe,4394.0,4255.6884748,138.31152519999978
2026-05,doe,4391.0,3891.78913361,499.21086638999986
2026-06,doe,4586.0,4369.5406145,216.45938550000028
2023-03,hud,5521.0,5356.087807399999,164.9121926000007
2023-04,hud,5577.0,5718.74774637,-141.74774636999973
2023-05,hud,5880.0,207.54191881,5672.45808119
2023-06,hud,6235.0,5104.10622734,1130.8937726599997
2023-07,hud,5526.0,4360.66932853,1165.3306714700002
2023-08,hud,5996.0,5790.9541735,205.04582649999975
2023-09,hud,6456.0,4838.517166850001,1617.4828331499994
2023-10,hud,5995.0,5741.6072676700005,253.3927323299995
2023-11,hud,5555.0,5524.26065657,30.73934343000019
2023-12,hud,6037.0,6167.02146871,-130.02146870999968
2024-01,hud,5438.0,4160.32744671,1277.67255329
2024-02,hud,5575.0,5405.599421600001,169.40057839999918
2024-03,hud,8812.0,8622.07954327,189.9204567300003
2024-04,hud,3340.0,2988.77943077,351.2205692299999
2024-05,hud,5947.0,-8840.2203759,14787.2203759
2024-06,hud,5866.0,6124.706300569999,-258.70630056999926
2024-07,hud,6032.0,5456.6244058699995,575.3755941300005
2024-08,hud,6181.0,6134.16928505,46.830714949999674
2024-09,hud,5990.0,4491.42855743,1498.5714425699998
2024-10,hud,5683.0,5515.12780983,167.87219017000007
2024-11,hud,5918.0,5837.08324828,80.91675172000032
2024-12,hud,6035.0,6308.4302255,-273.43022550000023
2025-01,hud,6909.0,4749.28858731,2159.7114126899996
2025-02,hud,6218.0,6022.425962,195.57403799999975
2025-03,hud,6686.0,6435.22874892,250.77125108000018
2025-04,hud,6219.0,5799.69196449,419.3080355100001
2025-05,hud,6075.0,5860.16731578,214.83268422000037
2025-06,hud,7349.0,7143.520358899999,205.47964110000066
2025-07,hud,6346.0,-13356.84189958,19702.841899580002
2025-08,hud,6449.0,5882.7864596300005,566.2135403699995
2025-09,hud,6811.0,4335.96833562,2475.0316643799997
2025-10,hud,6311.0,5850.46399302,460.5360069799999
2025-11,hud,5487.0,5520.461676,-33.4616759999999
2025-12,hud,5571.0,5560.91475517,10.085244830000192
2026-01,hud,5459.0,5479.44592721,-20.445927210000264
2026-02,hud,5348.0,5553.18770139,-205.18770139000026
2026-03,hud,5559.0,5794.41762989,-235.41762989000017
2026-04,hud,6310.0,6002.34400875,307.6559912499997
2026-05,hud,6625.0,6440.62227715,184.37772285000028
2026-06,hud,6210.0,4874.0298109099995,1335.9701890900005
2023-03,doi,2235.0,1165.34229977,1069.65770023
2023-04,doi,1506.0,638.92625377,867.07374623
2023-05,doi,1493.0,1363.4998893499999,129.50011065000012
2023-06,doi,2654.0,1821.79338982,832.2066101800001
2023-07,doi,1783.0,1542.31163724,240.68836276000002
2023-08,doi,2333.0,1406.34226459,926.65773541
2023-09,doi,3059.0,1853.10225584,1205.89774416
2023-10,doi,1870.0,1828.6670629300002,41.33293706999984
2023-11,doi,1539.0,1175.61043588,363.38956411999993
2023-12,doi,1831.0,1225.2413719600002,605.7586280399998
2024-01,doi,2407.0,1747.73172181,659.26827819
2024-02,doi,1816.0,1261.18698318,554.81301682
2024-03,doi,1983.0,1049.34854985,933.6514501500001
2024-04,doi,1650.0,647.85256901,1002.14743099
2024-05,doi,2245.0,1809.10101034,435.8989896600001
2024-06,doi,2610.0,1854.37127338,755.62872662
2024-07,doi,2129.0,1497.94006834,631.0599316600001
2024-08,doi,2106.0,359.12174508,1746.87825492
2024-09,doi,3621.0,2632.29864617,988.7013538299998
2024-10,doi,2267.0,1529.98454717,737.01545283
2024-11,doi,1730.0,2429.78085492,-699.7808549199999
2024-12,doi,2428.0,1765.7565008499998,662.2434991500002
2025-01,doi,3121.0,2635.80019421,485.19980579
2025-02,doi,1881.0,1549.95026989,331.0497301099999
2025-03,doi,2373.0,1886.48938009,486.51061991000006
2025-04,doi,1850.0,1007.4409619400001,842.5590380599999
2025-05,doi,1669.0,1204.3841533900002,464.61584660999983
2025-06,doi,2263.0,2027.7521895,235.2478105
2025-07,doi,1711.0,1381.25372446,329.74627553999994
2025-08,doi,1924.0,1502.18352997,421.8164700299999
2025-09,doi,3689.0,3481.18232143,207.81767857000023
2025-10,doi,1329.0,770.61784252,558.38215748
2025-11,doi,1333.0,1669.78327463,-336.78327463000005
2025-12,doi,1806.0,1405.9511864,400.0488135999999
2026-01,doi,1781.0,1356.59387182,424.40612818
2026-02,doi,1594.0,1096.70946856,497.29053144
2026-03,doi,2361.0,1521.6082867999999,839.3917132000001
2026-04,doi,1779.0,818.63212041,960.36787959
2026-05,doi,1736.0,1710.82720741,25.172792589999972
2026-06,doi,-1503.0,-2384.91139276,881.9113927600001
2023-03,doc,319.0,978.95600165,-659.95600165
2023-04,doc,268.0,883.58501029,-615.58501029
2023-05,doc,273.0,1192.52991312,-919.52991312
2023-06,doc,417.0,1140.34236569,-723.34236569
2023-07,doc,331.0,985.47568286,-654.47568286
2023-08,doc,399.0,1061.73946704,-662.7394670399999
2023-09,doc,416.0,1030.31031275,-614.3103127500001
2023-10,doc,-72.0,759.18855339,-831.18855339
2023-11,doc,265.0,1114.60232204,-849.60232204
2023-12,doc,904.0,1482.67220375,-578.6722037500001
2024-01,doc,408.0,1014.86145153,-606.86145153
2024-02,doc,88.0,804.26142933,-716.26142933
2024-03,doc,590.0,1298.53047964,-708.5304796400001
2024-04,doc,335.0,1632.70978364,-1297.70978364
2024-05,doc,316.0,878.27355742,-562.27355742
2024-06,doc,412.0,1186.65898131,-774.65898131
2024-07,doc,379.0,1119.2349124,-740.2349124
2024-08,doc,444.0,1434.4932639200001,-990.4932639200001
2024-09,doc,311.0,2018.69946918,-1707.69946918
2024-10,doc,612.0,1266.32216346,-654.32216346
2024-11,doc,1976.0,2824.2611847800003,-848.2611847800003
2024-12,doc,1524.0,2391.8640536,-867.8640535999998
2025-01,doc,2042.0,2834.2638985900003,-792.2638985900003
2025-02,doc,575.0,1344.2362923199998,-769.2362923199998
2025-03,doc,1279.0,4683.043897279999,-3404.0438972799993
2025-04,doc,399.0,1085.41237279,-686.4123727900001
2025-05,doc,443.0,1196.6814238499999,-753.6814238499999
2025-06,doc,1227.0,1943.26187116,-716.26187116
2025-07,doc,523.0,1249.5854278800002,-726.5854278800002
2025-08,doc,6593.0,7426.45656316,-833.4565631599999
2025-09,doc,667.0,1466.19578287,-799.1957828699999
2025-10,doc,0.0,477.75342094999996,-477.75342094999996
2025-11,doc,314.0,1191.94528294,-877.94528294
2025-12,doc,514.0,1382.83071302,-868.8307130200001
2026-01,doc,517.0,1187.3415811900002,-670.3415811900002
2026-02,doc,442.0,1165.0494250699999,-723.0494250699999
2026-03,doc,284.0,1506.48277971,-1222.48277971
2026-04,doc,351.0,1044.82570452,-693.82570452
2026-05,doc,496.0,728.1751140599999,-232.17511405999994
2026-06,doc,719.0,1488.15734278,-769.1573427799999
2023-03,treasury,10789.0,108964.96030442,-98175.96030442
2023-04,treasury,5507.0,97327.57703917999,-91820.57703917999
2023-05,treasury,80657.0,89867.37185788,-9210.371857880004
2023-06,treasury,12516.0,147945.89337254,-135429.89337254
2023-07,treasury,25686.0,88983.84350825,-63297.84350824999
2023-08,treasury,68416.0,93219.88003565,-24803.88003565
2023-09,treasury,51944.0,48793.22148344,3150.77851656
2023-10,treasury,39091.0,99428.1755248,-60337.1755248
2023-11,treasury,67231.0,90497.95415728999,-23266.95415728999
2023-12,treasury,-1100.0,132101.36612631,-133201.36612631
2024-01,treasury,84034.0,79084.51689913,4949.483100869998
2024-02,treasury,74664.0,129777.43322312,-55113.433223119995
2024-03,treasury,1397.0,122124.32241097999,-120727.32241097999
2024-04,treasury,44859.0,122898.64891014999,-78039.64891014999
2024-05,treasury,73219.0,116879.29004931,-43660.29004931
2024-06,treasury,1742.0,147439.45145649,-145697.45145649
2024-07,treasury,47057.0,103337.36919547,-56280.369195470004
2024-08,treasury,65161.0,107716.2488611,-42555.2488611
2024-09,treasury,37490.0,60567.64030546,-23077.64030546
2024-10,treasury,35544.0,96502.83554164,-60958.83554164
2024-11,treasury,65657.0,102131.61079119,-36474.61079119
2024-12,treasury,68705.0,156057.45889826998,-87352.45889826998
2025-01,treasury,41700.0,98987.17447173,-57287.17447173
2025-02,treasury,92942.0,159250.35332695002,-66308.35332695002
2025-03,treasury,23302.0,137568.63806366,-114266.63806366001
2025-04,treasury,37414.0,125944.52956497,-88530.52956497
2025-05,treasury,70243.0,112217.2332567,-41974.2332567
2025-06,treasury,45946.0,161972.09858311,-116026.09858311
2025-07,treasury,40013.0,116024.10595360001,-76011.10595360001
2025-08,treasury,76235.0,129641.98907173,-53406.98907173
2025-09,treasury,48395.0,62613.061605129995,-14218.061605129995
2025-10,treasury,42373.0,121718.04886550999,-79345.04886550999
2025-11,treasury,76408.0,112377.70604333999,-35969.70604333999
2025-12,treasury,52793.0,168378.12752585,-115585.12752585
2026-01,treasury,10109.0,84549.18711407001,-74440.18711407001
2026-02,treasury,110201.0,162739.04522454002,-52538.04522454002
2026-03,treasury,52314.0,134801.30410466,-82487.30410466
2026-04,treasury,44309.0,136137.70300585,-91828.70300585
2026-05,treasury,80672.0,146049.8953664,-65377.895366399986
2026-06,treasury,55793.0,203864.23333148,-148071.23333148
2023-03,opm,15558.0,9867.016974690001,5690.983025309999
2023-04,opm,14814.0,10882.78263197,3931.21736803
2023-05,opm,15240.0,10476.54662496,4763.4533750400005
2023-06,opm,15349.0,10309.74903624,5039.25096376
2023-07,opm,14597.0,10434.96243698,4162.03756302
2023-08,opm,15402.0,10669.53627209,4732.463727910001
2023-09,opm,14728.0,9552.563492969999,5175.436507030001
2023-10,opm,15545.0,10912.86341631,4632.13658369
2023-11,opm,14882.0,10819.221386809999,4062.778613190001
2023-12,opm,15317.0,10208.662194940001,5108.337805059999
2024-01,opm,15590.0,11286.87924457,4303.12075543
2024-02,opm,15231.0,9674.08935935,5556.91064065
2024-03,opm,15050.0,9555.42296573,5494.57703427
2024-04,opm,15573.0,10682.22529148,4890.774708520001
2024-05,opm,15961.0,11200.42828174,4760.57171826
2024-06,opm,14741.0,10009.95642715,4731.04357285
2024-07,opm,16239.0,11758.374296850001,4480.625703149999
2024-08,opm,16210.0,9686.47188396,6523.528116040001
2024-09,opm,15147.0,10378.24731805,4768.75268195
2024-10,opm,14393.0,11902.02131095,2490.97868905
2024-11,opm,13589.0,11333.77546173,2255.2245382700003
2024-12,opm,12947.0,10291.94046093,2655.05953907
2025-01,opm,13755.0,10374.77287359,3380.22712641
2025-02,opm,12551.0,8924.21424756,3626.7857524400006
2025-03,opm,13610.0,10624.94061973,2985.0593802700005
2025-04,opm,13970.0,11337.649175629998,2632.3508243700016
2025-05,opm,13890.0,11183.92140192,2706.078598079999
2025-06,opm,13346.0,10585.34483068,2760.65516932
2025-07,opm,14056.0,11646.62789734,2409.3721026599997
2025-08,opm,13363.0,8805.738419719999,4557.261580280001
2025-09,opm,14211.0,11228.14433274,2982.8556672600007
2025-10,opm,14684.0,12704.23063747,1979.7693625299999
2025-11,opm,13528.0,10775.36874982,2752.6312501800003
2025-12,opm,13961.0,11174.66962425,2786.33037575
2026-01,opm,13783.0,10802.068819549999,2980.931180450001
2026-02,opm,13727.0,10119.08616511,3607.9138348899996
2026-03,opm,13623.0,10776.589734219999,2846.4102657800013
2026-04,opm,15960.0,13356.37667017,2603.6233298299994
2026-05,opm,14328.0,11861.776172299999,2466.2238277000015
2026-06,opm,13360.0,10267.412237370001,3092.587762629999
2023-03,corps,0.0,892.4145158,-892.4145158
2023-04,corps,0.0,515.7204654,-515.7204654
2023-05,corps,0.0,831.6836893999999,-831.6836893999999
2023-06,corps,0.0,817.95212011,-817.95212011
2023-07,corps,0.0,892.30570567,-892.30570567
2023-08,corps,0.0,994.61873626,-994.61873626
2023-09,corps,0.0,-828.64349104,828.64349104
2023-10,corps,1806.0,1013.59278009,792.40721991
2023-11,corps,2134.0,1352.6461763599998,781.3538236400002
2023-12,corps,2259.0,1031.294206,1227.705794
2024-01,corps,1837.0,611.36637438,1225.63362562
2024-02,corps,1586.0,702.4513233600001,883.5486766399999
2024-03,corps,1898.0,807.10818873,1090.8918112699998
2024-04,corps,1992.0,731.5538392999999,1260.4461607
2024-05,corps,2097.0,971.45585422,1125.54414578
2024-06,corps,2140.0,908.43083233,1231.5691676699998
2024-07,corps,2308.0,1047.15305321,1260.84694679
2024-08,corps,2435.0,1058.0975645800002,1376.9024354199998
2024-09,corps,2749.0,1109.52708142,1639.47291858
2024-10,corps,2078.0,1797.1150148499999,280.88498515000015
2024-11,corps,2341.0,981.08862961,1359.91137039
2024-12,corps,2636.0,1231.27873531,1404.72126469
2025-01,corps,1892.0,730.2222928,1161.7777072
2025-02,corps,2029.0,575.86294186,1453.1370581400001
2025-03,corps,2211.0,849.0439852000001,1361.9560148
2025-04,corps,2620.0,1196.2963211400001,1423.7036788599999
2025-05,corps,3031.0,1809.18210032,1221.81789968
2025-06,corps,2699.0,590.16781677,2108.83218323
2025-07,corps,3335.0,1741.2956697,1593.7043303
2025-08,corps,2929.0,559.55705399,2369.44294601
2025-09,corps,3148.0,118.78435189,3029.21564811
2025-10,corps,2247.0,1343.1724491300001,903.8275508699999
2025-11,corps,2356.0,1055.0344856,1300.9655144
2025-12,corps,2681.0,1158.7181216,1522.2818784
2026-01,corps,1251.0,-84.13022008,1335.13022008
2026-02,corps,2173.0,974.64588263,1198.35411737
2026-03,corps,2469.0,1187.6787875799998,1281.3212124200002
2026-04,corps,2112.0,1052.53969943,1059.46030057
2026-05,corps,2274.0,1113.48824113,1160.51175887
2026-06,corps,2404.0,964.82228979,1439.17771021
2023-03,iap,1112.0,4196.78366608,-3084.7836660800003
2023-04,iap,-1673.0,2844.4797156,-4517.4797156
2023-05,iap,2472.0,5355.44648527,-2883.4464852700003
2023-06,iap,-611.0,2474.1959419699997,-3085.1959419699997
2023-07,iap,-1116.0,2161.8100889099996,-3277.8100889099996
2023-08,iap,-689.0,1544.3700726,-2233.3700725999997
2023-09,iap,-564.0,2025.07162181,-2589.0716218099997
2023-10,iap,563.0,2845.35773648,-2282.35773648
2023-11,iap,967.0,4677.154074489999,-3710.1540744899994
2023-12,iap,-2586.0,1928.7290703499998,-4514.72907035
2024-01,iap,1453.0,1579.02768614,-126.02768614000001
2024-02,iap,-676.0,866.01976578,-1542.01976578
2024-03,iap,-94.0,1452.22909529,-1546.22909529
2024-04,iap,260.0,3421.4940603600003,-3161.4940603600003
2024-05,iap,369.0,3584.09814956,-3215.09814956
2024-06,iap,1325.0,2469.72547954,-1144.72547954
2024-07,iap,4899.0,5654.587012149999,-755.5870121499993
2024-08,iap,769.0,1770.63784427,-1001.63784427
2024-09,iap,2635.0,5545.086586609999,-2910.0865866099994
2024-10,iap,1937.0,2750.6147147600004,-813.6147147600004
2024-11,iap,3540.0,2233.35935527,1306.64064473
2024-12,iap,427.0,2876.5007990900003,-2449.5007990900003
2025-01,iap,73.0,587.31330749,-514.31330749
2025-02,iap,-294.0,1895.51076696,-2189.51076696
2025-03,iap,1797.0,2735.12934257,-938.1293425700001
2025-04,iap,835.0,1806.33246351,-971.33246351
2025-05,iap,1082.0,4296.23031177,-3214.2303117700003
2025-06,iap,2096.0,3837.30772936,-1741.30772936
2025-07,iap,3177.0,4171.07817904,-994.0781790399997
2025-08,iap,-570.0,-8128.695952380001,7558.695952380001
2025-09,iap,-2719.0,-1766.20360198,-952.79639802
2025-10,iap,-281.0,-19.90223404,-261.09776596
2025-11,iap,-55.0,20988.48186546,-21043.48186546
2025-12,iap,-1922.0,-19604.39023012,17682.39023012
2026-01,iap,-2012.0,2506.30788521,-4518.307885210001
2026-02,iap,216.0,3189.01557787,-2973.01557787
2026-03,iap,798.0,2467.32197254,-1669.32197254
2026-04,iap,6313.0,3020.9396319099997,3292.0603680900003
2026-05,iap,-94.0,4597.752077300001,-4691.752077300001
2026-06,iap,-188.0,-866.7403778500001,678.7403778500001
2023-03,residual_all_other,114770.0,17375.04714189004,97394.95285810996
2023-04,residual_all_other,72583.0,22485.76471819001,50097.23528180999
2023-05,residual_all_other,94217.0,8125.27292753011,86091.72707246989
2023-06,residual_all_other,86820.0,-63911.38480564009,150731.3848056401
2023-07,residual_all_other,69344.0,-7252.368214790011,76596.36821479001
2023-08,residual_all_other,69400.0,-8718.180441979988,78118.18044197999
2023-09,residual_all_other,72975.0,44104.4232977099,28870.5767022901
2023-10,residual_all_other,54362.0,-23811.520655239874,78173.52065523987
2023-11,residual_all_other,93064.0,41264.90911183017,51799.09088816983
2023-12,residual_all_other,39885.0,-51802.299717889866,91687.29971788987
2024-01,residual_all_other,-11470.0,-4108.696979990113,-7361.303020009887
2024-02,residual_all_other,37033.0,-7730.109909710009,44763.10990971001
2024-03,residual_all_other,42358.0,-10182.358207269921,52540.35820726992
2024-04,residual_all_other,42854.0,-17102.3784100099,59956.3784100099
2024-05,residual_all_other,45457.0,18794.17840199999,26662.82159800001
2024-06,residual_all_other,33501.0,-67663.25793368998,101164.25793368998
2024-07,residual_all_other,33849.0,-10695.354722740012,44544.35472274001
2024-08,residual_all_other,45259.0,-8778.04675904999,54037.04675904999
2024-09,residual_all_other,34007.0,-12973.785159469873,46980.78515946987
2024-10,residual_all_other,38327.0,-33164.657739680144,71491.65773968014
2024-11,residual_all_other,59323.0,8905.28260416002,50417.71739583998
2024-12,residual_all_other,40771.0,-59625.94891709997,100396.94891709997
2025-01,residual_all_other,41754.0,-1535.9561900999397,43289.95619009994
2025-02,residual_all_other,40993.0,-11878.10951701994,52871.10951701994
2025-03,residual_all_other,44219.0,-16451.40360592003,60670.40360592003
2025-04,residual_all_other,51962.0,-12142.987511379994,64104.98751137999
2025-05,residual_all_other,53878.0,-5905.677068309858,59783.67706830986
2025-06,residual_all_other,46337.0,-72294.87444191013,118631.87444191013
2025-07,residual_all_other,47268.0,-6520.4041325001745,53788.404132500174
2025-08,residual_all_other,51907.0,-13296.727500620182,65203.72750062018
2025-09,residual_all_other,36445.0,-18348.25230336003,54793.25230336003
2025-10,residual_all_other,34584.0,-45772.288199790055,80356.28819979005
2025-11,residual_all_other,46739.0,-9285.625976559997,56024.62597656
2025-12,residual_all_other,42597.0,-70343.53744422004,112940.53744422004
2026-01,residual_all_other,40867.0,3454.5636831498705,37412.43631685013
2026-02,residual_all_other,37101.0,-16252.42885412008,53353.42885412008
2026-03,residual_all_other,41536.0,-13479.85397991992,55015.85397991992
2026-04,residual_all_other,40361.0,-13885.916588049848,54246.91658804985
2026-05,residual_all_other,39125.0,-22199.615913250018,61324.61591325002
2026-06,residual_all_other,37118.0,-70271.42268124002,107389.42268124002
