,primary_deficit,interest,redemptions,settlements,other_means,pre_bills,net_bills,tga
2026-10-01,52975.0,0.0,0.0,0.0,-1306.0,-54282.0,61367.0,957086.0
2026-10-02,6277.0,0.0,0.0,0.0,-1306.0,-7583.0,0.0,949502.0
2026-10-05,7140.0,0.0,0.0,0.0,-1306.0,-8447.0,0.0,941055.0
2026-10-06,1703.0,0.0,0.0,0.0,-1306.0,-3009.0,0.0,938046.0
2026-10-07,-3583.0,0.0,0.0,0.0,-1306.0,2276.0,0.0,940323.0
2026-10-08,5622.0,0.0,0.0,0.0,-1306.0,-6929.0,34442.0,967836.0
2026-10-09,-2254.0,0.0,0.0,0.0,-1306.0,947.0,0.0,968783.0
2026-10-13,1703.0,0.0,0.0,0.0,-1306.0,-3009.0,0.0,965774.0
2026-10-14,30596.0,0.0,0.0,0.0,-1306.0,-31903.0,0.0,933871.0
2026-10-15,-23460.0,12102.0,93948.0,119000.0,-1306.0,35104.0,-39534.0,929442.0
2026-10-16,-10214.0,0.0,0.0,0.0,-1306.0,8908.0,0.0,938349.0
2026-10-19,-20242.0,0.0,0.0,0.0,-1306.0,18936.0,0.0,957285.0
2026-10-20,1703.0,0.0,0.0,0.0,-1306.0,-3009.0,0.0,954276.0
2026-10-21,27163.0,0.0,0.0,0.0,-1306.0,-28469.0,0.0,925806.0
2026-10-22,5622.0,0.0,0.0,0.0,-1306.0,-6929.0,10449.0,929327.0
2026-10-23,-2254.0,0.0,0.0,0.0,-1306.0,947.0,0.0,930274.0
2026-10-26,-20242.0,0.0,0.0,0.0,-1306.0,18936.0,0.0,949210.0
2026-10-27,1703.0,0.0,0.0,0.0,-1306.0,-3009.0,0.0,946201.0
2026-10-28,27152.0,0.0,0.0,0.0,-1306.0,-28459.0,0.0,917742.0
2026-10-29,1349.0,0.0,0.0,0.0,-1306.0,-2656.0,101448.0,1016534.0
2026-10-30,42455.0,0.0,0.0,252000.0,-1306.0,208239.0,0.0,1224773.0
2026-11-02,9970.0,32855.0,240674.0,0.0,-1306.0,-284805.0,0.0,939967.0
2026-11-03,13340.0,0.0,0.0,0.0,-1306.0,-14647.0,0.0,925321.0
2026-11-04,14337.0,0.0,0.0,0.0,-1306.0,-15643.0,0.0,909677.0
2026-11-05,9962.0,0.0,0.0,0.0,-1306.0,-11269.0,3282.0,901691.0
2026-11-06,3566.0,0.0,0.0,0.0,-1306.0,-4872.0,0.0,896818.0
2026-11-09,-13909.0,0.0,0.0,0.0,-1306.0,12603.0,0.0,909421.0
2026-11-10,4889.0,0.0,0.0,0.0,-1306.0,-6195.0,0.0,903226.0
2026-11-12,9962.0,0.0,0.0,0.0,-1306.0,-11269.0,120007.0,1011964.0
2026-11-13,3566.0,0.0,0.0,0.0,-1306.0,-4872.0,0.0,1007092.0
2026-11-16,-9466.0,89875.0,111351.0,125000.0,-1306.0,-68067.0,0.0,939025.0
2026-11-17,-2088.0,0.0,0.0,0.0,-1306.0,782.0,0.0,939807.0
2026-11-18,43339.0,0.0,0.0,0.0,-1306.0,-44645.0,0.0,895161.0
2026-11-19,9962.0,0.0,0.0,0.0,-1306.0,-11269.0,50388.0,934281.0
2026-11-20,3566.0,0.0,0.0,0.0,-1306.0,-4872.0,0.0,929409.0
2026-11-23,-13909.0,0.0,0.0,0.0,-1306.0,12603.0,0.0,942012.0
2026-11-24,4889.0,0.0,0.0,0.0,-1306.0,-6195.0,0.0,935816.0
2026-11-25,39744.0,0.0,0.0,0.0,-1306.0,-41050.0,0.0,894766.0
2026-11-27,6229.0,0.0,0.0,0.0,-1306.0,-7536.0,0.0,887230.0
2026-11-30,-4453.0,28227.0,162749.0,246000.0,-1306.0,58171.0,0.0,945401.0
2026-12-01,53669.0,0.0,0.0,0.0,-1306.0,-54975.0,0.0,890426.0
2026-12-02,8474.0,0.0,0.0,0.0,-1306.0,-9781.0,0.0,880645.0
2026-12-03,9882.0,0.0,0.0,0.0,-1306.0,-11189.0,19777.0,889234.0
2026-12-04,-5309.0,0.0,0.0,0.0,-1306.0,4003.0,0.0,893237.0
2026-12-07,-21484.0,0.0,0.0,0.0,-1306.0,20178.0,0.0,913414.0
2026-12-08,1031.0,0.0,0.0,0.0,-1306.0,-2338.0,0.0,911076.0
2026-12-09,37189.0,0.0,0.0,0.0,-1306.0,-38496.0,0.0,872581.0
2026-12-10,3790.0,0.0,0.0,0.0,-1306.0,-5096.0,-157032.0,710452.0
2026-12-11,-5309.0,0.0,0.0,0.0,-1306.0,4003.0,0.0,714455.0
2026-12-14,-21484.0,0.0,0.0,0.0,-1306.0,20178.0,0.0,734633.0
2026-12-15,-59691.0,7002.0,49999.0,119000.0,-1306.0,120384.0,0.0,855017.0
2026-12-16,-10806.0,0.0,0.0,0.0,-1306.0,9500.0,0.0,864516.0
2026-12-17,3790.0,0.0,0.0,0.0,-1306.0,-5096.0,13336.0,872756.0
2026-12-18,-5309.0,0.0,0.0,0.0,-1306.0,4003.0,0.0,876758.0
2026-12-21,-21484.0,0.0,0.0,0.0,-1306.0,20178.0,0.0,896936.0
2026-12-22,1031.0,0.0,0.0,0.0,-1306.0,-2338.0,0.0,894598.0
2026-12-23,36840.0,0.0,0.0,0.0,-1306.0,-38147.0,0.0,856452.0
2026-12-24,3790.0,0.0,0.0,0.0,-1306.0,-5096.0,-16849.0,834507.0
2026-12-28,-21484.0,0.0,0.0,0.0,-1306.0,20178.0,0.0,854684.0
2026-12-29,1031.0,0.0,0.0,0.0,-1306.0,-2338.0,0.0,852346.0
2026-12-30,1040.0,0.0,0.0,0.0,-1306.0,-2346.0,0.0,850000.0
2026-12-31,40274.0,26815.0,150276.0,248000.0,-1306.0,29329.0,-38212.0,841117.0
2027-01-04,-18489.0,0.0,0.0,0.0,-1328.0,17161.0,0.0,858278.0
2027-01-05,1784.0,0.0,0.0,0.0,-1328.0,-3112.0,0.0,855166.0
2027-01-06,3838.0,0.0,0.0,0.0,-1328.0,-5166.0,0.0,850000.0
2027-01-07,5141.0,0.0,0.0,0.0,-1328.0,-6469.0,1420.0,844951.0
2027-01-08,-5696.0,0.0,0.0,0.0,-1328.0,4368.0,0.0,849319.0
2027-01-11,-32520.0,0.0,0.0,0.0,-1328.0,31192.0,0.0,880512.0
2027-01-12,-338.0,0.0,0.0,0.0,-1328.0,-990.0,0.0,879522.0
2027-01-13,28194.0,0.0,0.0,0.0,-1328.0,-29522.0,0.0,850000.0
2027-01-14,5141.0,0.0,0.0,0.0,-1328.0,-6469.0,-20242.0,823289.0
2027-01-15,-41908.0,13766.0,115715.0,119000.0,-1328.0,30098.0,0.0,853387.0
2027-01-19,-21854.0,0.0,0.0,0.0,-1328.0,20526.0,0.0,873913.0
2027-01-20,22585.0,0.0,0.0,0.0,-1328.0,-23913.0,0.0,850000.0
2027-01-21,5141.0,0.0,0.0,0.0,-1328.0,-6469.0,-1550.0,841981.0
2027-01-22,-5696.0,0.0,0.0,0.0,-1328.0,4368.0,0.0,846349.0
2027-01-25,-32520.0,0.0,0.0,0.0,-1328.0,31192.0,0.0,877541.0
2027-01-26,-338.0,0.0,0.0,0.0,-1328.0,-990.0,0.0,876551.0
2027-01-27,25224.0,0.0,0.0,0.0,-1328.0,-26551.0,0.0,850000.0
2027-01-28,-892.0,0.0,0.0,0.0,-1328.0,-436.0,160165.0,1009729.0
2027-01-29,-12969.0,0.0,0.0,247000.0,-1328.0,258641.0,0.0,1268370.0
2027-02-01,106842.0,32355.0,241841.0,0.0,-1328.0,-382367.0,0.0,886004.0
2027-02-02,16128.0,0.0,0.0,0.0,-1328.0,-17456.0,0.0,868548.0
2027-02-03,17220.0,0.0,0.0,0.0,-1328.0,-18548.0,0.0,850000.0
2027-02-04,11429.0,0.0,0.0,0.0,-1328.0,-12757.0,70328.0,907571.0
2027-02-05,4640.0,0.0,0.0,0.0,-1328.0,-5967.0,0.0,901604.0
2027-02-08,-10106.0,0.0,0.0,0.0,-1328.0,8778.0,0.0,910381.0
2027-02-09,7404.0,0.0,0.0,0.0,-1328.0,-8732.0,0.0,901650.0
2027-02-10,50322.0,0.0,0.0,0.0,-1328.0,-51650.0,0.0,850000.0
2027-02-11,11429.0,0.0,0.0,0.0,-1328.0,-12757.0,92748.0,929991.0
2027-02-12,4640.0,0.0,0.0,0.0,-1328.0,-5967.0,0.0,924024.0
2027-02-16,-6334.0,85406.0,116115.0,125000.0,-1328.0,-71514.0,0.0,852509.0
2027-02-17,1181.0,0.0,0.0,0.0,-1328.0,-2509.0,0.0,850000.0
2027-02-18,11429.0,0.0,0.0,0.0,-1328.0,-12757.0,65313.0,902557.0
2027-02-19,4640.0,0.0,0.0,0.0,-1328.0,-5967.0,0.0,896589.0
2027-02-22,-10106.0,0.0,0.0,0.0,-1328.0,8778.0,0.0,905367.0
2027-02-23,7404.0,0.0,0.0,0.0,-1328.0,-8732.0,0.0,896635.0
2027-02-24,45307.0,0.0,0.0,0.0,-1328.0,-46635.0,0.0,850000.0
2027-02-25,8284.0,0.0,0.0,0.0,-1328.0,-9612.0,45936.0,886324.0
2027-02-26,-1457.0,0.0,0.0,0.0,-1328.0,129.0,0.0,886453.0
2027-03-01,79749.0,23954.0,143279.0,236000.0,-1328.0,-12309.0,0.0,874143.0
2027-03-02,10263.0,0.0,0.0,0.0,-1328.0,-11591.0,0.0,862553.0
2027-03-03,11225.0,0.0,0.0,0.0,-1328.0,-12553.0,0.0,850000.0
2027-03-04,7912.0,0.0,0.0,0.0,-1328.0,-9240.0,42871.0,883631.0
2027-03-05,947.0,0.0,0.0,0.0,-1328.0,-2275.0,0.0,881356.0
2027-03-08,-13377.0,0.0,0.0,0.0,-1328.0,12049.0,0.0,893405.0
2027-03-09,4509.0,0.0,0.0,0.0,-1328.0,-5837.0,0.0,887569.0
2027-03-10,36241.0,0.0,0.0,0.0,-1328.0,-37569.0,0.0,850000.0
2027-03-11,7912.0,0.0,0.0,0.0,-1328.0,-9240.0,-26978.0,813782.0
2027-03-12,947.0,0.0,0.0,0.0,-1328.0,-2275.0,0.0,811507.0
2027-03-15,-17510.0,5336.0,56798.0,119000.0,-1328.0,73048.0,0.0,884556.0
2027-03-16,-4048.0,2599.0,0.0,0.0,-1328.0,121.0,0.0,884676.0
2027-03-17,33348.0,0.0,0.0,0.0,-1328.0,-34676.0,0.0,850000.0
2027-03-18,7912.0,0.0,0.0,0.0,-1328.0,-9240.0,39765.0,880525.0
2027-03-19,947.0,0.0,0.0,0.0,-1328.0,-2275.0,0.0,878250.0
2027-03-22,-13377.0,0.0,0.0,0.0,-1328.0,12049.0,0.0,890300.0
2027-03-23,4509.0,0.0,0.0,0.0,-1328.0,-5837.0,0.0,884463.0
2027-03-24,33135.0,0.0,0.0,0.0,-1328.0,-34463.0,0.0,850000.0
2027-03-25,7912.0,0.0,0.0,0.0,-1328.0,-9240.0,-68889.0,771871.0
2027-03-26,947.0,0.0,0.0,0.0,-1328.0,-2275.0,0.0,769596.0
2027-03-29,-13377.0,0.0,0.0,0.0,-1328.0,12049.0,0.0,781646.0
2027-03-30,4543.0,0.0,0.0,0.0,-1328.0,-5870.0,0.0,775775.0
2027-03-31,-3783.0,27493.0,143737.0,243000.0,-1328.0,74225.0,0.0,850000.0
2027-04-01,42127.0,0.0,0.0,0.0,-1266.0,-43393.0,9860.0,816467.0
2027-04-02,-8229.0,0.0,0.0,0.0,-1266.0,6963.0,0.0,823430.0
2027-04-05,-5431.0,0.0,0.0,0.0,-1266.0,4166.0,0.0,827596.0
2027-04-06,-7207.0,0.0,0.0,0.0,-1266.0,5941.0,0.0,833537.0
2027-04-07,-17728.0,0.0,0.0,0.0,-1266.0,16463.0,0.0,850000.0
2027-04-08,-3048.0,0.0,0.0,0.0,-1266.0,1783.0,-53677.0,798106.0
2027-04-09,-17531.0,0.0,0.0,0.0,-1266.0,16265.0,0.0,814371.0
2027-04-12,-49168.0,0.0,0.0,0.0,-1266.0,47903.0,0.0,862274.0
2027-04-13,-7207.0,0.0,0.0,0.0,-1266.0,5941.0,0.0,868215.0
2027-04-14,16949.0,0.0,0.0,0.0,-1266.0,-18215.0,0.0,850000.0
2027-04-15,-96208.0,13526.0,103041.0,119000.0,-1266.0,97375.0,-176434.0,770941.0
2027-04-16,-39703.0,0.0,0.0,0.0,-1266.0,38437.0,0.0,809378.0
2027-04-19,-49168.0,0.0,0.0,0.0,-1266.0,47903.0,0.0,857281.0
2027-04-20,-7207.0,0.0,0.0,0.0,-1266.0,5941.0,0.0,863223.0
2027-04-21,11957.0,0.0,0.0,0.0,-1266.0,-13223.0,0.0,850000.0
2027-04-22,-3048.0,0.0,0.0,0.0,-1266.0,1783.0,-52493.0,799290.0
2027-04-23,-17531.0,0.0,0.0,0.0,-1266.0,16265.0,0.0,815555.0
2027-04-26,-49168.0,0.0,0.0,0.0,-1266.0,47903.0,0.0,863458.0
2027-04-27,-7207.0,0.0,0.0,0.0,-1266.0,5941.0,0.0,869399.0
2027-04-28,18134.0,0.0,0.0,0.0,-1266.0,-19399.0,0.0,850000.0
2027-04-29,-9988.0,0.0,0.0,0.0,-1266.0,8723.0,76779.0,935501.0
2027-04-30,41228.0,33236.0,238464.0,252000.0,-1266.0,-62194.0,0.0,873307.0
2027-05-03,744.0,0.0,0.0,0.0,-1266.0,-2009.0,0.0,871298.0
2027-05-04,8850.0,0.0,0.0,0.0,-1266.0,-10116.0,0.0,861182.0
2027-05-05,9917.0,0.0,0.0,0.0,-1266.0,-11182.0,0.0,850000.0
2027-05-06,8139.0,0.0,0.0,0.0,-1266.0,-9404.0,36982.0,877578.0
2027-05-07,1107.0,0.0,0.0,0.0,-1266.0,-2373.0,0.0,875206.0
2027-05-10,-16656.0,0.0,0.0,0.0,-1266.0,15391.0,0.0,890596.0
2027-05-11,4106.0,0.0,0.0,0.0,-1266.0,-5372.0,0.0,885225.0
2027-05-12,33959.0,0.0,0.0,0.0,-1266.0,-35225.0,0.0,850000.0
2027-05-13,8139.0,0.0,0.0,0.0,-1266.0,-9404.0,110664.0,951260.0
2027-05-14,1107.0,0.0,0.0,0.0,-1266.0,-2373.0,0.0,948887.0
2027-05-17,-17908.0,90311.0,124471.0,125000.0,-1266.0,-73140.0,0.0,875747.0
2027-05-18,-7265.0,0.0,0.0,0.0,-1266.0,5999.0,0.0,881746.0
2027-05-19,30480.0,0.0,0.0,0.0,-1266.0,-31746.0,0.0,850000.0
2027-05-20,8139.0,0.0,0.0,0.0,-1266.0,-9404.0,33828.0,874424.0
2027-05-21,1107.0,0.0,0.0,0.0,-1266.0,-2373.0,0.0,872051.0
2027-05-24,-16656.0,0.0,0.0,0.0,-1266.0,15391.0,0.0,887442.0
2027-05-25,4106.0,0.0,0.0,0.0,-1266.0,-5372.0,0.0,882070.0
2027-05-26,30805.0,0.0,0.0,0.0,-1266.0,-32070.0,0.0,850000.0
2027-05-27,3802.0,0.0,0.0,0.0,-1266.0,-5068.0,13488.0,858420.0
2027-05-28,-6000.0,0.0,0.0,246000.0,-1266.0,250735.0,0.0,1109155.0
2027-06-01,58134.0,30119.0,158992.0,0.0,-1266.0,-248511.0,0.0,860644.0
2027-06-02,9378.0,0.0,0.0,0.0,-1266.0,-10644.0,0.0,850000.0
2027-06-03,10978.0,0.0,0.0,0.0,-1266.0,-12243.0,32464.0,870221.0
2027-06-04,-5159.0,0.0,0.0,0.0,-1266.0,3893.0,0.0,874114.0
2027-06-07,-23148.0,0.0,0.0,0.0,-1266.0,21882.0,0.0,895997.0
2027-06-08,1051.0,0.0,0.0,0.0,-1266.0,-2317.0,0.0,893680.0
2027-06-09,42414.0,0.0,0.0,0.0,-1266.0,-43680.0,0.0,850000.0
2027-06-10,4022.0,0.0,0.0,0.0,-1266.0,-5288.0,-138053.0,706659.0
2027-06-11,-5159.0,0.0,0.0,0.0,-1266.0,3893.0,0.0,710552.0
2027-06-14,-23148.0,0.0,0.0,0.0,-1266.0,21882.0,0.0,732435.0
2027-06-15,-56645.0,8508.0,58000.0,119000.0,-1266.0,107871.0,0.0,840306.0
2027-06-16,-10960.0,0.0,0.0,0.0,-1266.0,9694.0,0.0,850000.0
2027-06-17,4022.0,0.0,0.0,0.0,-1266.0,-5288.0,24571.0,869284.0
2027-06-18,-5159.0,0.0,0.0,0.0,-1266.0,3893.0,0.0,873177.0
2027-06-21,-23148.0,0.0,0.0,0.0,-1266.0,21882.0,0.0,895059.0
2027-06-22,1051.0,0.0,0.0,0.0,-1266.0,-2317.0,0.0,892743.0
2027-06-23,41477.0,0.0,0.0,0.0,-1266.0,-42743.0,0.0,850000.0
2027-06-24,4022.0,0.0,0.0,0.0,-1266.0,-5288.0,-94433.0,750279.0
2027-06-25,-5159.0,0.0,0.0,0.0,-1266.0,3893.0,0.0,754173.0
2027-06-28,-23148.0,0.0,0.0,0.0,-1266.0,21882.0,0.0,776055.0
2027-06-29,1425.0,0.0,0.0,0.0,-1266.0,-2691.0,0.0,773364.0
2027-06-30,-8716.0,24616.0,154198.0,248000.0,-1266.0,76636.0,0.0,850000.0
2027-07-01,84768.0,4285.0,0.0,0.0,-1266.0,-90318.0,114650.0,874332.0
2027-07-02,10099.0,0.0,0.0,0.0,-1266.0,-11365.0,0.0,862967.0
2027-07-06,11248.0,0.0,0.0,0.0,-1266.0,-12514.0,0.0,850453.0
2027-07-07,-813.0,0.0,0.0,0.0,-1266.0,-453.0,0.0,850000.0
2027-07-08,8396.0,0.0,0.0,0.0,-1266.0,-9662.0,40016.0,880355.0
2027-07-09,1184.0,0.0,0.0,0.0,-1266.0,-2450.0,0.0,877905.0
2027-07-12,-15373.0,0.0,0.0,0.0,-1266.0,14108.0,0.0,892013.0
2027-07-13,3903.0,0.0,0.0,0.0,-1266.0,-5169.0,0.0,886844.0
2027-07-14,35579.0,0.0,0.0,0.0,-1266.0,-36844.0,0.0,850000.0
2027-07-15,-17863.0,12285.0,104653.0,119000.0,-1266.0,18659.0,5187.0,873846.0
2027-07-16,-5105.0,2599.0,0.0,0.0,-1266.0,1240.0,0.0,875087.0
2027-07-19,-15373.0,0.0,0.0,0.0,-1266.0,14108.0,0.0,889194.0
2027-07-20,3903.0,0.0,0.0,0.0,-1266.0,-5169.0,0.0,884026.0
2027-07-21,32760.0,0.0,0.0,0.0,-1266.0,-34026.0,0.0,850000.0
2027-07-22,8396.0,0.0,0.0,0.0,-1266.0,-9662.0,36370.0,876708.0
2027-07-23,1184.0,0.0,0.0,0.0,-1266.0,-2450.0,0.0,874258.0
2027-07-26,-15373.0,0.0,0.0,0.0,-1266.0,14108.0,0.0,888366.0
2027-07-27,3903.0,0.0,0.0,0.0,-1266.0,-5169.0,0.0,883198.0
2027-07-28,31932.0,0.0,0.0,0.0,-1266.0,-33198.0,0.0,850000.0
2027-07-29,4643.0,0.0,0.0,0.0,-1266.0,-5909.0,143372.0,987463.0
2027-07-30,63232.0,4285.0,0.0,247000.0,-1266.0,178217.0,0.0,1165680.0
2027-08-02,12379.0,28221.0,246879.0,0.0,-1266.0,-288745.0,0.0,876935.0
2027-08-03,11626.0,0.0,0.0,0.0,-1266.0,-12891.0,0.0,864043.0
2027-08-04,12778.0,0.0,0.0,0.0,-1266.0,-14043.0,0.0,850000.0
2027-08-05,10163.0,0.0,0.0,0.0,-1266.0,-11429.0,49851.0,888422.0
2027-08-06,3361.0,0.0,0.0,0.0,-1266.0,-4626.0,0.0,883795.0
2027-08-09,-13148.0,0.0,0.0,0.0,-1266.0,11883.0,0.0,895678.0
2027-08-10,5887.0,0.0,0.0,0.0,-1266.0,-7153.0,0.0,888525.0
2027-08-11,37260.0,0.0,0.0,0.0,-1266.0,-38525.0,0.0,850000.0
2027-08-12,10163.0,0.0,0.0,0.0,-1266.0,-11429.0,114027.0,952598.0
2027-08-13,3361.0,0.0,0.0,0.0,-1266.0,-4626.0,0.0,947971.0
2027-08-16,-9875.0,82899.0,111969.0,125000.0,-1266.0,-61259.0,0.0,886712.0
2027-08-17,-2875.0,2740.0,0.0,0.0,-1266.0,-1130.0,0.0,885582.0
2027-08-18,34316.0,0.0,0.0,0.0,-1266.0,-35582.0,0.0,850000.0
2027-08-19,10163.0,0.0,0.0,0.0,-1266.0,-11429.0,46135.0,884705.0
2027-08-20,3361.0,0.0,0.0,0.0,-1266.0,-4626.0,0.0,880079.0
2027-08-23,-13148.0,0.0,0.0,0.0,-1266.0,11883.0,0.0,891962.0
2027-08-24,5887.0,0.0,0.0,0.0,-1266.0,-7153.0,0.0,884809.0
2027-08-25,33543.0,0.0,0.0,0.0,-1266.0,-34809.0,0.0,850000.0
2027-08-26,10163.0,0.0,0.0,0.0,-1266.0,-11429.0,-1744.0,836827.0
2027-08-27,3361.0,0.0,0.0,0.0,-1266.0,-4626.0,0.0,832200.0
2027-08-30,6841.0,4360.0,0.0,0.0,-1266.0,-12467.0,0.0,819733.0
2027-08-31,-2176.0,21516.0,156679.0,235000.0,-1266.0,57715.0,0.0,877449.0
2027-09-01,26183.0,0.0,0.0,0.0,-1266.0,-27449.0,0.0,850000.0
2027-09-02,4851.0,0.0,0.0,0.0,-1266.0,-6117.0,48672.0,892555.0
2027-09-03,6497.0,0.0,0.0,0.0,-1266.0,-7763.0,0.0,884792.0
2027-09-07,-2237.0,0.0,0.0,0.0,-1266.0,971.0,0.0,885763.0
2027-09-08,34497.0,0.0,0.0,0.0,-1266.0,-35763.0,0.0,850000.0
2027-09-09,928.0,0.0,0.0,0.0,-1266.0,-2193.0,-159488.0,688319.0
2027-09-10,-9779.0,0.0,0.0,0.0,-1266.0,8514.0,0.0,696832.0
2027-09-13,-30154.0,2599.0,0.0,0.0,-1266.0,26289.0,0.0,723122.0
2027-09-14,-2237.0,2599.0,0.0,0.0,-1266.0,-1628.0,0.0,721493.0
2027-09-15,-72901.0,4129.0,58000.0,119000.0,-1266.0,128507.0,0.0,850000.0
2027-09-16,-18206.0,0.0,0.0,0.0,-1266.0,16940.0,-19667.0,847274.0
2027-09-17,-9779.0,0.0,0.0,0.0,-1266.0,8514.0,0.0,855787.0
2027-09-20,-30154.0,0.0,0.0,0.0,-1266.0,28889.0,0.0,884676.0
2027-09-21,-2237.0,0.0,0.0,0.0,-1266.0,971.0,0.0,885647.0
2027-09-22,34382.0,0.0,0.0,0.0,-1266.0,-35647.0,0.0,850000.0
2027-09-23,928.0,0.0,0.0,0.0,-1266.0,-2193.0,-29468.0,818339.0
2027-09-24,-9779.0,0.0,0.0,0.0,-1266.0,8514.0,0.0,826852.0
2027-09-27,-30154.0,0.0,0.0,0.0,-1266.0,28889.0,0.0,855741.0
2027-09-28,-2237.0,0.0,0.0,0.0,-1266.0,971.0,0.0,856712.0
2027-09-29,-3124.0,8570.0,0.0,0.0,-1266.0,-6712.0,0.0,850000.0
2027-09-30,-13978.0,20950.0,161140.0,243000.0,-1266.0,73622.0,-28359.0,895263.0
2027-10-01,35786.0,0.0,0.0,0.0,-1286.0,-37071.0,0.0,858192.0
2027-10-04,4477.0,0.0,0.0,0.0,-1286.0,-5763.0,0.0,852429.0
2027-10-05,5346.0,0.0,0.0,0.0,-1286.0,-6632.0,0.0,845797.0
2027-10-06,-5489.0,0.0,0.0,0.0,-1286.0,4203.0,0.0,850000.0
2027-10-07,4168.0,0.0,0.0,0.0,-1286.0,-5454.0,35025.0,879572.0
2027-10-08,-4730.0,0.0,0.0,0.0,-1286.0,3444.0,0.0,883016.0
2027-10-12,-96.0,0.0,0.0,0.0,-1286.0,-1190.0,0.0,881826.0
2027-10-13,30541.0,0.0,0.0,0.0,-1286.0,-31826.0,0.0,850000.0
2027-10-14,4168.0,5199.0,0.0,0.0,-1286.0,-10652.0,-6107.0,833240.0
2027-10-15,-28778.0,9571.0,104076.0,119000.0,-1286.0,32845.0,0.0,866085.0
2027-10-18,-13956.0,0.0,0.0,0.0,-1286.0,12670.0,0.0,878756.0
2027-10-19,-96.0,0.0,0.0,0.0,-1286.0,-1190.0,0.0,877566.0
2027-10-20,26280.0,0.0,0.0,0.0,-1286.0,-27566.0,0.0,850000.0
2027-10-21,4168.0,0.0,0.0,0.0,-1286.0,-5454.0,7168.0,851714.0
2027-10-22,-4730.0,0.0,0.0,0.0,-1286.0,3444.0,0.0,855159.0
2027-10-25,-24830.0,0.0,0.0,0.0,-1286.0,23544.0,0.0,878703.0
2027-10-26,-96.0,0.0,0.0,0.0,-1286.0,-1190.0,0.0,877513.0
2027-10-27,26228.0,0.0,0.0,0.0,-1286.0,-27513.0,0.0,850000.0
2027-10-28,-669.0,0.0,0.0,0.0,-1286.0,-617.0,142302.0,991685.0
2027-10-29,-10884.0,8570.0,0.0,252000.0,-1286.0,253028.0,0.0,1244713.0
2027-11-01,93556.0,24986.0,247787.0,0.0,-1286.0,-367614.0,0.0,877098.0
2027-11-02,11719.0,0.0,0.0,0.0,-1286.0,-13005.0,0.0,864093.0
2027-11-03,12808.0,0.0,0.0,0.0,-1286.0,-14093.0,0.0,850000.0
2027-11-04,10061.0,0.0,0.0,0.0,-1286.0,-11347.0,157597.0,996250.0
2027-11-05,3293.0,0.0,0.0,0.0,-1286.0,-4579.0,0.0,991671.0
2027-11-08,-14059.0,0.0,0.0,0.0,-1286.0,12774.0,0.0,1004445.0
2027-11-09,5445.0,0.0,0.0,0.0,-1286.0,-6731.0,0.0,997714.0
2027-11-10,38429.0,0.0,0.0,0.0,-1286.0,-39715.0,0.0,957999.0
2027-11-12,3293.0,0.0,0.0,0.0,-1286.0,-4579.0,0.0,953420.0
2027-11-15,-11207.0,90532.0,113786.0,125000.0,-1286.0,-69397.0,0.0,884023.0
2027-11-16,-3612.0,0.0,0.0,0.0,-1286.0,2326.0,0.0,886350.0
2027-11-17,35064.0,0.0,0.0,0.0,-1286.0,-36350.0,0.0,850000.0
2027-11-18,10061.0,0.0,0.0,0.0,-1286.0,-11347.0,66737.0,905390.0
2027-11-19,3293.0,0.0,0.0,0.0,-1286.0,-4579.0,0.0,900812.0
2027-11-22,-14059.0,0.0,0.0,0.0,-1286.0,12774.0,0.0,913585.0
2027-11-23,5445.0,0.0,0.0,0.0,-1286.0,-6731.0,0.0,906854.0
2027-11-24,34532.0,0.0,0.0,0.0,-1286.0,-35818.0,0.0,871036.0
2027-11-26,3293.0,4360.0,0.0,0.0,-1286.0,-8939.0,0.0,862097.0
2027-11-29,6136.0,4360.0,0.0,0.0,-1286.0,-11781.0,0.0,850316.0
2027-11-30,-3845.0,23261.0,165203.0,246000.0,-1286.0,60095.0,0.0,910411.0
2027-12-01,59126.0,0.0,0.0,0.0,-1286.0,-60411.0,0.0,850000.0
2027-12-02,8834.0,0.0,0.0,0.0,-1286.0,-10120.0,43806.0,883686.0
2027-12-03,10283.0,0.0,0.0,0.0,-1286.0,-11569.0,0.0,872117.0
2027-12-06,-21314.0,0.0,0.0,0.0,-1286.0,20028.0,0.0,892146.0
2027-12-07,1240.0,0.0,0.0,0.0,-1286.0,-2526.0,0.0,889620.0
2027-12-08,38334.0,0.0,0.0,0.0,-1286.0,-39620.0,0.0,850000.0
2027-12-09,3819.0,0.0,0.0,0.0,-1286.0,-5105.0,-127328.0,717568.0
2027-12-10,-5415.0,0.0,0.0,0.0,-1286.0,4129.0,0.0,721697.0
2027-12-13,-21314.0,0.0,0.0,0.0,-1286.0,20028.0,0.0,741725.0
2027-12-14,1240.0,5199.0,0.0,0.0,-1286.0,-7724.0,0.0,734001.0
2027-12-15,-60833.0,4524.0,58024.0,119000.0,-1286.0,115999.0,0.0,850000.0
2027-12-16,-10514.0,0.0,0.0,0.0,-1286.0,9228.0,8670.0,867898.0
2027-12-17,-5415.0,0.0,0.0,0.0,-1286.0,4129.0,0.0,872027.0
2027-12-20,-21314.0,0.0,0.0,0.0,-1286.0,20028.0,0.0,892056.0
2027-12-21,1240.0,0.0,0.0,0.0,-1286.0,-2526.0,0.0,889530.0
2027-12-22,38244.0,0.0,0.0,0.0,-1286.0,-39530.0,0.0,850000.0
2027-12-23,3819.0,0.0,0.0,0.0,-1286.0,-5105.0,-14330.0,830565.0
2027-12-24,-5415.0,0.0,0.0,0.0,-1286.0,4129.0,0.0,834694.0
2027-12-27,-21314.0,0.0,0.0,0.0,-1286.0,20028.0,0.0,854723.0
2027-12-28,1240.0,0.0,0.0,0.0,-1286.0,-2526.0,0.0,852197.0
2027-12-29,-3374.0,4285.0,0.0,0.0,-1286.0,-2197.0,0.0,850000.0
2027-12-30,1244.0,4285.0,0.0,0.0,-1286.0,-6815.0,6815.0,850000.0
2027-12-31,44228.0,22246.0,168508.0,248000.0,-1286.0,11733.0,0.0,
